Timestamp,Acceleration_X,Acceleration_Y,Acceleration_Z,Gyro_X,Gyro_Y,Gyro_Z,time_s,acc_mag,gyro_mag,acc_sq,gyro_sq,Energy,is_active
2025-11-22T17:45:16.480769,-0.0001607630044429,-0.0277162432340741,-9.791692127794205,-0.0428365026235646,-0.0531981442863744,0.0158428313734398,16.480769,0.02893504318887033,0.07011421980211871,0.0008372367243417913,0.004916003818459815,0.0043564966777133686,0
2025-11-22T17:45:16.490385,0.0001499205073785,-0.0266841955763654,-9.790285965752414,-0.0432826671630531,-0.0522081993519957,0.0168272927830038,16.490385,0.02839773285104887,0.06987305016048956,0.0008064312310795401,0.00488224313873029,0.004347926760663635,0
2025-11-22T17:45:16.5,0.0003471506043334,-0.0257369715852059,-9.789027412371452,-0.0434447999362224,-0.0511489779456003,0.0179848067295875,16.5,0.027980527142746514,0.06947749174717313,0.0007829098991859744,0.00482712185947851,0.004338914728534608,0
2025-11-22T17:45:16.509615,0.0004350431543025,-0.0248976310332024,-9.787952047961644,-0.0433183013008798,-0.0500544194915572,0.0192887424642612,16.509615,0.027662871180160014,0.06894908066162433,0.0007652344419301275,0.0047539757240831785,0.0043288795717692655,0
2025-11-22T17:45:16.519231,0.0004197874089284,-0.0241850500396883,-9.787089890055382,-0.0429022344311885,-0.0489549294807824,0.0207053456526723,16.519231,0.02741831150295472,0.06830738011557513,0.0007517638056730591,0.0046658981782536696,0.004317152850510413,0
2025-11-22T17:45:16.528846,0.0003093562989536,-0.0236133022176502,-9.786464411387184,-0.0421985768735094,-0.0478765953446631,0.0221946534573382,16.528846,0.027219403043365765,0.06756841654232718,0.0007408959020371895,0.004565490914037433,0.004303037679647701,0
2025-11-22T17:45:16.538462,0.0001131910940921,-0.0231913231364041,-9.786091829970951,-0.0412117199928699,-0.0468407520473097,0.0237117571460023,16.538462,0.027042327462661928,0.06674360901299278,0.0007312874745978395,0.0044547093440792515,0.004285867570148131,0
2025-11-22T17:45:16.548077,-0.0001581436377479,-0.0229228510604882,-9.785980673887536,-0.0399482559929731,-0.0458638986645109,0.0252083716375407,16.548077,0.026870497107405928,0.06583936784481609,0.0007220236147991103,0.0043348223582050024,0.00426505928076833,0
2025-11-22T17:45:16.557692,-0.0004933283972262,-0.0228066120867311,-9.786131623789547,-0.0384170438225506,-0.0449579256424046,0.0266346513189035,16.557692,0.026696756104381106,0.06485745126823379,0.0007127167864968099,0.004206488985011321,0.00424015476655148,0
2025-11-22T17:45:16.567308,-0.0008806627085597,-0.0228367045709891,-9.78653762984427,-0.0366295176709743,-0.0441305758709428,0.0279411741806027,16.567308,0.026524065538276517,0.06379606967596073,0.0007035260526787879,0.004069938506100036,0.004210848775731988,0
2025-11-22T17:45:16.576923,-0.0013084196530497,-0.0230031390946692,-9.787184284460464,-0.0346001854582633,-0.0433860427591305,0.0290810011079352,16.576923,0.026364728995146317,0.06265162540176467,0.0006950989349875089,0.0039252261654830435,0.0041770003916788865,0
2025-11-22T17:45:16.586538,-0.0017651538974069,-0.0232924979045312,-9.788050411218126,-0.0323472543702778,-0.0427256136860811,0.0300117045845249,16.586538,0.02623830975825269,0.061420886856316956,0.0006884488989700184,0.003772525342216489,0.0041386285904061295,0
2025-11-22T17:45:16.596154,-0.0022399407254405,-0.0236886799679826,-9.789108813059167,-0.0298933134483999,-0.0421482902987567,0.030697254558432,16.596154,0.026168470457005478,0.06010332770702242,0.0006847888460591684,0.003612410001457729,0.004095893470058426,0
2025-11-22T17:45:16.605769,-0.0027225343954024,-0.0241736899533451,-9.79032712160479,-0.0272659928801446,-0.0416513406059639,0.0311096526335574,16.605769,0.026179076682403164,0.058703313611709496,0.000685344055943145,0.0034460790289947175,0.004049066047794992,0
2025-11-22T17:45:16.615385,-0.0032034468049187,-0.0247284162221272,-9.79166871065244,-0.0244985029306272,-0.0412307516231746,0.0312302197946308,16.615385,0.026290055581521556,0.057231793206877705,0.0006911670224794928,0.003275478153674813,0.003998490327901295,0
2025-11-22T17:45:16.625,-0.0036739584620315,-0.0253333349077888,-9.793093669288044,-0.0216299427218731,-0.0408815575718761,0.0310504641068248,16.625,0.026513642379609688,0.055707158363206305,0.0007029732322338349,0.0031032874929033463,0.0039445417157530725,0
2025-11-22T17:45:16.634615,-0.0041260833726262,-0.0259690859567847,-9.794559851445934,-0.0187052791576828,-0.0405980235978415,0.0305724776478446,16.634615,0.026851689066407933,0.05415499402590398,0.0007210132057190513,0.0029327633779456957,0.0038875858563788904,0
2025-11-22T17:45:16.644231,-0.0045525166694214,-0.0266168959299484,-9.796024015914147,-0.0157749370886712,-0.0403736757368055,0.0298088340163283,16.644231,0.027294560015175592,0.052606548243210774,0.0007449930064220222,0.0027674489180652627,0.0038279417494260243,0
2025-11-22T17:45:16.653846,-0.0049465931706364,-0.027258859704982,-9.797443049069818,-0.0128939961520268,-0.0402011893573012,0.0287819831561819,16.653846,0.02782179387586359,0.05109592270340959,0.0007740522144710408,0.0026107933169128073,0.003765852656493749,0
2025-11-22T17:45:16.663462,-0.0053022734751161,-0.0278781201993449,-9.798775238237928,-0.0101210303623778,-0.0400721724404322,0.0275231720563483,16.663462,0.028404290718619912,0.04965621068643135,0.0008068037312278773,0.0024657392597352587,0.003701467868125504,0
2025-11-22T17:45:16.673077,-0.0056141583795535,-0.0284589916485191,-9.79998154804883,-0.0075166436871614,-0.0399768890071043,0.0260709524968852,16.673077,0.029007470079889637,0.04831507167645438,0.0008414333204356925,0.002334346151100924,0.003634837680826054,0
2025-11-22T17:45:16.682692,-0.0058775234532892,-0.0289870614681544,-9.801026843109018,-0.0051417574984863,-0.0399039592063674,0.0244693630140364,16.682692,0.02959475327271814,0.047090480533005456,0.0008758494212730611,0.002217513356829366,0.003565922761806397,0
2025-11-22T17:45:16.692308,-0.0060883667238716,-0.0294492880450114,-9.80188099063444,-0.003055703876448,-0.0398400650292261,0.0227658926131603,16.692308,0.030130829751091322,0.04598754151058144,0.00090786690148925,0.002114853974187451,0.003494617407606295,0
2025-11-22T17:45:16.701923,-0.006243466805233,-0.0298340943603543,-9.80251977028309,-0.0013141794141046,-0.0397696982715947,0.0210093514184333,16.701923,0.030584363755522443,0.044997208970883565,0.0009354033063301148,0.0020247488151693646,0.003420784223639113,0
2025-11-22T17:45:16.711538,-0.006340449152445,-0.0301314447152044,-9.80292552729746,3.287352860325776e-05,-0.0396750019031618,0.0192477827168897,16.711538,0.030929984902167897,0.044097437524207375,0.0009566639660483341,0.0019445839962013726,0.0033442958524338645,0
2025-11-22T17:45:16.721154,-0.0063778541398157,-0.0303328888962803,-9.803087534577989,0.0009433649314901,-0.0395357605258191,0.0175265420039733,16.721154,0.031149543206813162,0.0432567448193449,0.00097029404199312,0.0018711459723659216,0.0032650780345261097,0
2025-11-22T17:45:16.730769,-0.0063551976694577,-0.0304315686520506,-9.803002070847535,0.001385014235217,-0.0393295841160628,0.0158866390141179,16.730769,0.03123269660813753,0.04243960120381795,0.0009754813374159657,0.0018011197503391058,0.0031831478998465648,0
2025-11-22T17:45:16.740385,-0.0062730169863228,-0.0304222019237391,-9.802672256715493,0.0013370348387287,-0.0390323088851675,0.0143633968148192,16.740385,0.03117694770103291,0.04161268997706179,0.0009720020679529411,0.0017316159671270585,0.003098642104111266,0
2025-11-22T17:45:16.75,-0.0061328979230276,-0.0303010774437321,-9.802107702793208,0.0007914239785875,-0.0386186182013576,0.0129854436530514,16.75,0.030987257740074714,0.040751021711886985,0.0009602101422498203,0.0016606457705626845,0.00301183107268764,0
2025-11-22T17:45:16.759615,-0.0059374784078236,-0.0300660909466482,-9.801324016524712,-0.0002462363207387,-0.0380628672829231,0.0117740305417897,16.759615,0.030675340167848175,0.03984307083197862,0.0009409764944131997,0.0015874702933220653,0.002923117815338189,0
2025-11-22T17:45:16.769231,-0.0056904173620171,-0.0297168332040524,-9.800342203264709,-0.0017565190012913,-0.0373400798800256,0.0107426601756885,16.769231,0.030258686827187225,0.03889436555722324,0.0009155881285057937,0.0015127716720989134,0.0028330220780779626,0
2025-11-22T17:45:16.778846,-0.0053963152068004,-0.0292547151419172,-9.79918799378743,-0.003706435641545,-0.0364270777759853,0.0098970138549689,16.778846,0.029759333492790405,0.03792915163443606,0.0008856179299351168,0.0014386205437080437,0.002742152570293328,0
2025-11-22T17:45:16.788462,-0.0050605763900557,-0.0286831021457742,-9.79789113163915,-0.0060502273782539,-0.0353037024553543,0.0092351702753074,16.788462,0.029202347643090376,0.03698979627409002,0.000852777107867906,0.001368245028398684,0.002651171326469225,0
2025-11-22T17:45:16.798077,-0.004689215468297,-0.0280074299372049,-9.796484648040286,-0.008730602900205,-0.033954083373335,0.0087481209100504,16.798077,0.02861402755286694,0.03613354153942446,0.0008187625727962284,0.0013056328241813132,0.0025607547941144384,0
2025-11-22T17:45:16.807692,-0.0042886243161158,-0.0272352811169155,-9.79500413351846,-0.011680352093386,-0.0323678944228187,0.0084205900756481,16.807692,0.028019841504611835,0.035426226889330274,0.000785111517943568,0.0012550175516143074,0.0024715560106516594,0
2025-11-22T17:45:16.817308,-0.0038653334773179,-0.0263764104405682,-9.793486992401338,-0.0148242589165312,-0.0305415251747104,0.0082321516987848,16.817308,0.027442213806477638,0.03493296056754465,0.0007530750986004319,0.0012203117340136294,0.0023841713881719772,0
2025-11-22T17:45:16.826923,-0.0034258082714534,-0.0254427166793058,-9.791971654185003,-0.0180812377811659,-0.0284790843253338,0.0081585996143298,16.826923,0.026898370412747518,0.03470665860286001,0.0007235223308613711,0.001204552151375477,0.002299114408088629,0
2025-11-22T17:45:16.836538,-0.0029763163666594,-0.0244481643642947,-9.79049672089088,-0.0213666243705622,-0.0261931516671102,0.0081734851705562,16.836538,0.02639855135653955,0.034776711907284194,0.0006968835137238561,0.0012094196910822422,0.002216797239566546,0
2025-11-22T17:45:16.846154,-0.0025228873315035,-0.023408654735632,-9.78910004300279,-0.0245945572510804,-0.0237052004434616,0.0082496997203532,16.846154,0.025944925121505504,0.035140949331475935,0.0006731391395605274,0.001234886319917359,0.0021375202164843994,0
2025-11-22T17:45:16.855769,-0.0020713573223182,-0.0223418361859488,-9.787817727493282,-0.0276803809671774,-0.021045624479113,0.008360964736773,16.855769,0.02553146938083364,0.03576349439768825,0.0006518559287444457,0.0012790275315334788,0.002061468421237417,0
2025-11-22T17:45:16.865385,-0.0016274621635388,-0.0212668394494314,-9.78668309114839,-0.0305429879174493,-0.0182533230227345,0.0084831078002558,16.865385,0.025144923038731788,0.03657896978112566,0.0006322671546237446,0.0013380210302485042,0.001988714383653053,0
2025-11-22T17:45:16.875,-0.001196924361432,-0.0202039230240366,-9.78572558930292,-0.0331070140524302,-0.01537481724876,0.0085950446016997,16.875,0.02476671020214644,0.03750112233794858,0.0006133899342371046,0.0014063341766057857,0.0019192260278745636,0
2025-11-22T17:45:16.884615,-0.0007854815233241,-0.0191740155359639,-9.784969772879917,-0.0353048278932063,-0.0124628972199537,0.0086794377705023,16.884615,0.024375552922511843,0.03843289372004233,0.0005941675802781756,0.0014770873196960689,0.0018528792951858152,0
2025-11-22T17:45:16.894231,-0.0003988198269036,-0.0181981442384562,-9.784434341606223,-0.0370782963515264,-0.0095748329097121,0.0087230428063692,16.894231,0.02395039106590451,0.03927555170054612,0.0005736212322097585,0.0015425689613822711,0.0017894751003407394,0
2025-11-22T17:45:16.903846,-4.2397845180978854e-05,-0.0172967464672475,-9.784131358889152,-0.0383803458745023,-0.0067702268056384,0.008716772828215,16.903846,0.023473240224443748,0.03993581161044455,0.0005509930066344439,0.0015948690489849177,0.0017287602602792163,0
2025-11-22T17:45:16.913462,0.0002788321334463,-0.016488874235575,-9.784065680784993,-0.0391763391031275,-0.0041086275599628,0.0086555256172191,16.913462,0.022931708391679424,0.040330937128463286,0.0005258632497610205,0.0016265844896600583,0.0016704517096653815,0
2025-11-22T17:45:16.923077,0.000560779801846,-0.0157913198876086,-9.784234639545447,-0.0394452578724787,-0.0016470515935279,0.0085378271881218,16.923077,0.022320995677633553,0.04039227204147245,0.0004982268480409358,0.001631535640672317,0.0016142627765879064,0
2025-11-22T17:45:16.932692,0.0008006106265745,-0.0152177138946554,-9.784628011966594,-0.0391806427740706,0.0005624326891249,0.0083653527007768,16.932692,0.021645272224071387,0.04006767056527645,0.0004685178096541563,0.0016054182245275209,0.0015599297273876564,0
2025-11-22T17:45:16.942308,0.0009971286197957,-0.014777671635063,-9.785228290079088,-0.0383912003496565,0.0024749109450178,0.0081423796998797,16.942308,0.020918347411441357,0.03932312037021283,0.0004375772584257553,0.001546307795650247,0.0015072364020154898,0
2025-11-22T17:45:16.951923,0.0011510920759999,-0.014476080377369,-9.786011260731172,-0.0371009577288703,0.0040544875967428,0.0078752122008157,16.951923,0.020163500251462987,0.03814366135125781,0.0004065667423907479,0.0014549389012794387,0.0014560346718762256,0
2025-11-22T17:45:16.961538,0.0012654065578319,-0.0143126071268664,-9.786946895382163,-0.0353488382702266,0.0052756999201853,0.0075715998404487,16.961538,0.0194122517160899,0.03653358045478656,0.00037683551668883533,0.0013347025008463625,0.0014062586937542319,0
2025-11-22T17:45:16.971154,0.0013451496843421,-0.0142814761554385,-9.788000544886936,-0.0331875680149452,0.0061244047048591,0.0072401744105385,16.971154,0.018701789001646422,0.03451583881684654,0.0003497569118621031,0.0011913431292305304,0.0013579314860588598,0
2025-11-22T17:45:16.980769,0.0013974007122741,-0.0143715287196539,-9.789134415958303,-0.030681892379993,0.006598102753405,0.0068899347998655,16.980769,0.018070818549741845,0.03213074355673023,0.00032655448305769395,0.001032384681508361,0.0013111631569512612,0
2025-11-22T17:45:16.990385,0.001430870183849,-0.0145665511719994,-9.790309274033548,-0.0279061582644072,0.0067057097963331,0.0065298201004423,16.990385,0.017553973119677987,0.02943397294785263,0.00030814197228637734,0.0008663587634949204,0.001266141052751156,0
2025-11-22T17:45:17,0.0014553471955927,-0.0148458475077042,-9.791486279535356,-0.0249413863436562,0.0064668142951214,0.0061684095835212,17.0,0.017175583245754494,0.02649418269471966,0.0002950006598318425,0.0007019417166611826,0.0012231130023413997,0
2025-11-22T17:45:17.009615,0.0014810015278705,-0.0151850352746092,-9.792628836634137,-0.0218720226972897,0.0059104786428091,0.0058137752485577,17.009615,0.0169444005849406,0.02339057753238685,0.0002871127111829354,0.0005471191172986005,0.0011823655417111379,0
2025-11-22T17:45:17.019231,0.0015175934678566,-0.0155570470344792,-9.793704326901562,-0.0187826041906288,0.0050736540447143,0.0054734898784377,17.019231,0.016851121687563905,0.020211068180495364,0.0002839603021290866,0.0004084872769966322,0.001144199409900668,0
2025-11-22T17:45:17.028846,0.0015736550766782,-0.0159333100711824,-9.794685610521372,-0.0157545743859841,0.0039993077492775,0.005154761392049,17.028846,0.016869780545560216,0.017052056813355282,0.00028458949565536194,0.0002907726415658963,0.001108904693325499,0
2025-11-22T17:45:17.038462,0.0016557118746026,-0.0162850545759518,-9.795552193971869,-0.0128634462487725,0.0027343977934921,0.0048646266786636,17.038462,0.016962528196507648,0.014021760710084858,0.000287727362817317,0.00019660977341087944,0.0010767378019137168,0
2025-11-22T17:45:17.048077,0.0017676111250262,-0.0165846768943272,-9.79629098357837,-0.0101764521414666,0.0013278473928105,0.0046101102436913,17.048077,0.01708603990380669,0.011250621020421106,0.0002919327595944745,0.00012657647334514126,0.0010479020796249617,0
2025-11-22T17:45:17.057692,0.0019100111538261,-0.0168070695946699,-9.79689657646218,-0.0077507703737678,-0.0001713499036637,0.0043982532629869,17.057692,0.017197586127794786,0.008913385100046845,0.00029575696862291966,7.94484339417371e-05,0.001022533404130682,0
2025-11-22T17:45:17.067308,0.0020800697261254,-0.0169308263201118,-9.797371088112849,-0.0056323656067984,-0.0017158126861396,0.0042359522287693,17.067308,0.01725951180241618,0.007253333494813175,0.0002978907476577434,5.2610846786978705e-05,0.0010006917118841124,0
2025-11-22T17:45:17.076923,0.0022713562248724,-0.016939238132163,-9.797723570309948,-0.0038554211305368,-0.0032612100884924,0.0041295997693461,17.076923,0.017241780062747136,0.00652329346189926,0.00029727897973214464,4.2553357590057626e-05,0.0009823590248072662,0
2025-11-22T17:45:17.086538,0.0024740050048418,-0.016821022021601,-9.797969116277295,-0.0024422857062255,-0.0047674521101252,0.0040845698073877,17.086538,0.017122849392268717,0.0067362504113634165,0.00029319197131031716,4.53770696045938e-05,0.0009674442253204646,0
2025-11-22T17:45:17.096154,0.0026751184446744,-0.0165707556835388,-9.7981277681309,-0.00140382202304,-0.0061996324897297,0.0041046169864533,17.096154,0.01688938882222344,0.007566639933653852,0.0002852514547882461,5.725403988556517e-05,0.0009557944784159724,0
2025-11-22T17:45:17.105769,0.0028594085881596,-0.0161890211740152,-9.798223334656566,-0.0007400329827609,-0.0075287194092593,0.0041912649645039,17.105769,0.01653533077350787,0.008648466150804406,0.00027341716378931634,7.479596676160957e-05,0.0009472127820153731,0
2025-11-22T17:45:17.115385,0.0030100370914422,-0.0156822766103821,-9.798282203579213,-0.000440855013073,-0.0087319839749133,0.0043432511868997,17.115385,0.016060664603921845,0.009762465270268568,0.00025794494751966806,9.530572815319994e-05,0.0009414806006483405,0
2025-11-22T17:45:17.125,0.003109585992483,-0.0150624858427289,-9.798332200897276,-0.000487040646877,-0.0097931567217554,0.0045560881795221,17.125,0.015470279850542603,0.010812079664345537,0.00023932955865410446,0.00011690106666815431,0.000938383907707498,0
2025-11-22T17:45:17.134615,0.003141077323777,-0.0143465459885725,-9.798401520521455,-0.0008510918460034,-0.010702312833212,0.0048217952269924,17.134615,0.01477311359191089,0.011769178668085314,0.00021824488519950225,0.00013851356652131442,0.000937740290564772,0
2025-11-22T17:45:17.144231,0.0030889606942782,-0.0135555571017624,-9.798517733474547,-0.0014982321960306,-0.0114555047527678,0.0051288431319107,17.144231,0.013981842531026323,0.012640344960706408,0.00019549192056241658,0.00015977832072565587,0.00093942414595802,0
2025-11-22T17:45:17.153846,0.0029400008652925,-0.0127139733588336,-9.79870689399058,-0.0023874160225475,-0.0120541786081121,0.0054623324207524,17.153846,0.01311338426222042,0.013447678337013666,0.00017196084680865017,0.00018084005265578664,0.0009433865119299243,0
2025-11-22T17:45:17.163462,0.0026840152714306,-0.0118486660551626,-9.798992775559611,-0.0034723782929524,-0.0125044290003223,0.0058043939359431,17.163462,0.012190542495613261,0.014216509578552727,0.0001486093263373528,0.00020210914459708145,0.0009496659253488954,0
2025-11-22T17:45:17.173077,0.00231442909995,-0.0109879223736639,-9.799396267280832,-0.0047027405762936,-0.0128161704505883,0.0061347702347048,17.173077,0.011245244032236654,0.014966809939966196,0.00012645551334455407,0.00022400539977907093,0.0009583871175139803,0
2025-11-22T17:45:17.182692,0.0018286325885214,-0.0101604034407133,-9.799934933406345,-0.0060252028536743,-0.0130023238146791,0.0064315189385244,17.182692,0.010323852424529862,0.015707575556599886,0.00010658192888347112,0.00024672792986629423,0.0009697455518827349,0
2025-11-22T17:45:17.192308,0.0012281427006613,-0.0093940893928156,-9.800622707807491,-0.0073848603957489,-0.0130781133977042,0.0066717823930442,17.192308,0.009494472867247984,0.016434290170495507,9.014501502690816e-05,0.00027008589340804523,0.0009839777242083038,0
2025-11-22T17:45:17.201923,0.0005185850350263,-0.0087152419235882,-9.801469682552424,-0.0087266794052406,-0.0130605409717401,0.006832587812047,17.201923,0.008853493041174259,0.017129416806350575,7.838433903012103e-05,0.0002934169201256855,0.0010013195071545216,0
2025-11-22T17:45:17.211538,-0.0002904842940559,-0.0081474102812398,-9.802481958264732,-0.0099971391195016,-0.0129680578930373,0.006891665528355,17.211538,0.008522018085161053,0.017765369960869175,7.262479224381206e-05,0.00031560836984655284,0.001021957203775768,0
2025-11-22T17:45:17.221154,-0.0011859007564394,-0.0077104981841634,-9.80366154181902,-0.0111460092394601,-0.0128204076380805,0.006828286420961,17.221154,0.008617716132742856,0.01830906522516546,7.426503134453649e-05,0.0003352218694193631,0.0010459778636594274,0
2025-11-22T17:45:17.230769,-0.0021513436214408,-0.0074199067944045,-9.805006293377623,-0.0121281939887405,-0.0126385677349302,0.00662411623786,17.230769,0.009205773709905692,0.01872713004578172,8.47462695979908e-05,0.00035070539975162046,0.001073326296174832,0
2025-11-22T17:45:17.240385,-0.0031678996668718,-0.0072857780321566,-9.806509935536315,-0.0129055438901191,-0.0124446933182477,0.0062640680366238,17.240385,0.010271193237408821,0.018991103265805317,0.0001054974105201927,0.0003606620032524814,0.0011037757548763663,0
2025-11-22T17:45:17.25,-0.0042147098980779,-0.0073123784312454,-9.808162141274634,-0.0134485141284558,-0.0122619629446094,0.0057371146482242,17.25,0.01174117575176233,0.019082262759041915,0.00013785520803377173,0.000364132752005118,0.001136917468930404,0
2025-11-22T17:45:17.259615,-0.005269662046232,-0.0074976783972564,-9.809948711912806,-0.0137375392207202,-0.0121142518393119,0.0050370094271837,17.259615,0.013526322048294749,0.018995961292775764,0.00018296138815418464,0.0003608465454366351,0.001172171400573178,0
2025-11-22T17:45:17.269231,-0.0063100912519681,-0.0078331886149251,-9.811851840982966,-0.0137640047961739,-0.0120256014529446,0.0041628584159359,17.269231,0.015544845775067944,0.018745461011276564,0.0002416422301706477,0.0003513923085252898,0.0012088173918280683,0
2025-11-22T17:45:17.278846,-0.0073134617590149,-0.0083041067121075,-9.81385044458474,-0.0135307306676466,-0.0120195054872284,0.0031194886265256,17.278846,0.017727936326080204,0.018365195175900757,0.00031427972638155407,0.00033728039384892843,0.0012460428980695794,0
2025-11-22T17:45:17.288462,-0.008258017008885,-0.0088897977880998,-9.815920537567866,-0.0130519289940793,-0.0121180780565162,0.0019175622333751,17.288462,0.020017164286735206,0.01791305979360237,0.00040068686608214733,0.0003208777111691738,0.0012830013418706372,0
2025-11-22T17:45:17.298077,-0.0091233940688109,-0.0095645902095908,-9.818035649642695,-0.0123526529896345,-0.012341194774001,0.0005733966311287,17.298077,0.022360732618727907,0.017470601249778023,0.0005000023632462422,0.00030522190802874545,0.0013188740395013619,0
2025-11-22T17:45:17.307692,-0.0098911963844383,-0.0102988328001989,-9.82016729421086,-0.0114677879370375,-0.0127056920021554,-0.0008915293402031,17.307692,0.02471075633705547,0.01713883292371279,0.0006106214787493271,0.0002937395939869415,0.0013529286713377363,0
2025-11-22T17:45:17.317308,-0.0105455099852416,-0.0110601449688202,-9.822285513415506,-0.0104406465986703,-0.0132246765938182,-0.0024513743973123,17.317308,0.027021818883502954,0.01702669694465744,0.0007301786957728369,0.000289908408845207,0.0013845682258800882,0
2025-11-22T17:45:17.326923,-0.0110733394274561,-0.0118147940013079,-9.824359520213964,-0.0093212206138042,-0.0139069538564727,-0.0040770039492791,17.326923,0.02925054577992467,0.01723109051974676,0.0008555944284234689,0.0002969104804997067,0.0014133659637172976,0
2025-11-22T17:45:17.336538,-0.0114649366598908,-0.0125291384620143,-9.826358440213182,-0.0081641293771345,-0.0147565439250141,-0.0057372741774768,17.336538,0.03135588387667459,0.017813615918308198,0.0009831914536875014,0.00031732491208500324,0.0014390838683299345,0
2025-11-22T17:45:17.346154,-0.0117140016627013,-0.0131710726404481,-9.82825212611085,-0.0070263213660906,-0.0157722427471194,-0.0074004590530578,17.346154,0.03329981410214024,0.018785622891180024,0.0011088776192370979,0.0003528996274096269,0.0014616739451419555,0
2025-11-22T17:45:17.355769,-0.0118177474610893,-0.0137113995917689,-9.830011989808916,-0.0059646225312233,-0.0169472017848969,-0.0090357342150227,17.355769,0.03504826908863981,0.020110416780428027,0.001228381166109705,0.00040442886308252117,0.0014812633874107311,0
2025-11-22T17:45:17.365385,-0.0117768385214088,-0.0141250623829608,-9.83161178917561,-0.0050332673298961,-0.0182685403519759,-0.010614625644712,17.365385,0.0365720730580738,0.021719659854227663,0.0013375165277650875,0.00047174362418334883,0.0014981259708172062,0
2025-11-22T17:45:17.375,-0.0115952229730416,-0.0143921767051765,-9.8330283206208,-0.0042815608824779,-0.01971704061082,-0.0121123348799548,17.375,0.037847772842505255,0.023533000452200307,0.0014324539091378782,0.0005538021102832599,0.0015126430752036642,0
2025-11-22T17:45:17.384615,-0.0112798815252679,-0.0144988244963361,-9.83424198738646,-0.0037517997505309,-0.0212669882365275,-0.0135088582503643,17.384615,0.03885827246770014,0.025472535037744444,0.001509965339174023,0.0006488500412491183,0.0015252584790829762,0
2025-11-22T17:45:17.394231,-0.0108405119247492,-0.0144375840126605,-9.835237221566269,-0.003477541368341,-0.0228862162057378,-0.0147898182315819,17.394231,0.03959321046118286,0.027470182189194354,0.0015676223146235198,0.0007546109095075307,0.001536431498922109,0
2025-11-22T17:45:17.403846,-0.0102891635852412,-0.0142077905807697,-9.836002742034529,-0.0034822776898681,-0.0245364053502657,-0.0159469267731543,17.403846,0.04004904036897295,0.029469745823984397,0.001603925634475625,0.0008684659189302458,0.0015465930744709183,0
2025-11-22T17:45:17.413462,-0.0096398365865306,-0.0138155426097569,-9.836531642933563,-0.003778544783886,-0.0261737020645696,-0.0169780166425432,17.413462,0.04022880314454219,0.031425994488053374,0.0016183566024423276,0.0009875931295631611,0.0015561089791609876,0
2025-11-22T17:45:17.423077,-0.0089080609858354,-0.013273480531832,-9.836821323309604,-0.0043674828536589,-0.0277497131055509,-0.017886612472587,17.423077,0.04014160791780256,0.0333024381939505,0.001611348686226589,0.001109052389661893,0.001565253481120687,0
2025-11-22T17:45:17.432692,-0.0081104724732063,-0.0126003676304985,-9.836873276089088,-0.0052388452736563,-0.0292129057573907,-0.0186810630001437,17.432692,0.03980185319434794,0.03506881060724529,0.0015841875177044253,0.0012298214774068396,0.0015741955732964806,0
2025-11-22T17:45:17.442308,-0.0072643983608382,-0.0118204954585812,-9.83669275573484,-0.0063714431533391,-0.0305103819229735,-0.0193733103647664,17.442308,0.03922822860960998,0.0366988262405149,0.0015388539198478227,0.0013468038474315047,0.0015829984245287426,0
2025-11-22T17:45:17.451923,-0.0063874659302948,-0.0109629288224033,-9.836288348594003,-0.0077340042455367,-0.0315899356968982,-0.019977418149382,17.451923,0.03844255159397716,0.038168522304634744,0.0014778297730555956,0.0014568360949194,0.0015916310945622485,0
2025-11-22T17:45:17.461538,-0.0054972427033449,-0.0100605990762285,-9.835671479022349,-0.009286411738245,-0.0324022674315994,-0.0205080034876755,17.461538,0.037468516740777016,0.03945532390858821,0.0014038897467538876,0.0015567225847316125,0.001599989984490348,0
2025-11-22T17:45:17.471154,-0.0046109113850477,-0.0091492504811618,-9.83485589032412,-0.0109812640514742,-0.0329032136354987,-0.0209787160171305,17.471154,0.03633046075203005,0.04053783607247524,0.001319902378454796,0.001643316153438875,0.0016079262015635388,0
2025-11-22T17:45:17.480769,-0.003744969346173,-0.0082662441583265,-9.83385713707466,-0.0127656718465752,-0.0330558534966968,-0.0214008847988873,17.480769,0.035052265529934866,0.041396252224866564,0.00122866131878106,0.00171364969826477,0.0016152742508271068,0
2025-11-22T17:45:17.490385,-0.0029149283937926,-0.0074492315377029,-9.832692113563423,-0.0145831975454783,-0.0328323637653032,-0.021782423148875,17.490385,0.03365653201515222,0.04201318506498031,0.0011327621472869665,0.0017651077193042845,0.0016218774092607196,0
2025-11-22T17:45:17.5,-0.0021349856243887,-0.0067347261526758,-9.83137862524817,-0.0163758509884946,-0.03221551038611,-0.0221270511919093,17.5,0.032164154309307774,0.04237468583345858,0.001034532822432962,0.0017956139994843153,0.0016276058566389218,0
2025-11-22T17:45:17.509615,-0.0014176486464176,-0.0061566242873943,-9.82993499693472,-0.0180860781209757,-0.0311996870946309,-0.0224338780720695,17.509615,0.030594407851475734,0.04247123240445696,0.0009360177917824401,0.0018038055819533949,0.0016323650414667894,0
2025-11-22T17:45:17.519231,-0.0007733248224262,-0.0057447434978894,-9.828379713524532,-0.0196587061765651,-0.0297914402111285,-0.0226973790650496,17.519231,0.02896563910691391,0.042298530173190595,0.0008390082488719805,0.0017891656548123152,0.0016360936028881736,0
2025-11-22T17:45:17.528846,-0.0002099094664897,-0.0055234602161359,-9.826731102848637,-0.0210428226747599,-0.0280094527787263,-0.0229077901497168,17.528846,0.02729660297999954,0.04185805395176118,0.0007451045342477198,0.00175209668062855,0.0016387521019617989,0
2025-11-22T17:45:17.538462,0.0002675813238347,-0.0055105340805108,-9.825007081143196,-0.022193556944359,-0.0258839935616334,-0.0230519115815801,17.538462,0.025608430114314136,0.04115732887477237,0.0006557916929197112,0.0016939257201061717,0.00164030547954737,0
2025-11-22T17:45:17.548077,0.0006572923565281,-0.0057162050333273,-9.823224981613604,-0.0230737105683614,-0.0234558663506189,-0.0231142704536235,17.548077,0.023927114413928273,0.040209989856425744,0.0005725068041772142,0.0016168432842538613,0.0016407032618413813,0
2025-11-22T17:45:17.557692,0.0009606959324884,-0.0061426342804261,-9.821401474174936,-0.0236551674147359,-0.0207749260646343,-0.0230785560839188,17.557692,0.022286273565541862,0.03903567918364929,0.00049667798943817,0.0015237842493287903,0.001639861901852845,0
2025-11-22T17:45:17.567308,0.0011826235182382,-0.0067837307189131,-9.819552561832396,-0.023920013216022,-0.0178982560105063,-0.0229292190544091,17.567308,0.020729695488893196,0.03765984183340882,0.0004297202750622389,0.001418263686917369,0.001637653238040991,0
2025-11-22T17:45:17.576923,0.0013311518416029,-0.0076253674974482,-9.817693616326627,-0.0238612993985614,-0.0148881148072213,-0.0226531135226071,17.576923,0.019312748468574042,0.03611344796289761,0.000372982253410409,0.0013041811237689135,0.0016339019636596468,0
2025-11-22T17:45:17.586538,0.0014173445652964,-0.008645959885713,-9.815839409641203,-0.0234833876942767,-0.0118097604247409,-0.022241059113868,17.586538,0.018101060348608054,0.03443261026114711,0.0003276483857439507,0.0011856046493960535,0.0016283934234628537,0
2025-11-22T17:45:17.596154,0.0014548627719673,-0.0098173532883029,-9.814004117047473,-0.0228018172159727,-0.0087292512304872,-0.0216892012693564,17.596154,0.01716427527022058,0.03265798749308112,0.0002946123455519058,0.0010665441470982427,0.0016208912470552354,0
2025-11-22T17:45:17.605769,0.001459465082662,-0.011105961462582,-9.812201299179202,-0.0218426577973508,-0.0057113139271514,-0.0210000605062158,17.605769,0.016563336620266166,0.030833802031072454,0.00027434411999625023,0.0009507233476913678,0.0016111625948432818,0
2025-11-22T17:45:17.615385,0.0014484211785926,-0.0124740974239164,-9.810443890321192,-0.0206413596893936,-0.0028173532804637,-0.0201831865408268,17.615385,0.016333275100022932,0.029006279118075014,0.0002667758754930291,0.0008413642282756747,0.0015990074384261423,0
2025-11-22T17:45:17.625,0.0014398625251609,-0.0138814456265599,-9.808744213312403,-0.0192411714017857,-0.000103662416238,-0.0192553681089126,17.625,0.0164690316420638,0.027221363371792467,0.00027122900322729864,0.0007410026238191646,0.0015842875552235522,0
2025-11-22T17:45:17.634615,0.0014520902390335,-0.0152866244028738,-9.807114018828615,-0.0176912518682526,0.0023801166615019,-0.0182403788276644,17.634615,0.016923318693173574,0.02552169210230814,0.00028639871559071813,0.0006513567677650176,0.0015669508984269256,0
2025-11-22T17:45:17.644231,0.0015028525391631,-0.016648779026068,-9.805564531742396,-0.0160446276359773,0.0045922400994158,-0.0171682556595848,17.644231,0.01761829794064792,0.02394301041015341,0.0003104044223254387,0.0005732677475007145,0.0015470477009606673,0
2025-11-22T17:45:17.653846,0.0016085984830357,-0.0179291351341122,-9.804106489700573,-0.0143561323884896,0.00649979673886,-0.0160741194206061,17.653846,0.018463605644558803,0.022510513320451876,0.0003409047333977837,0.0005067232099502414,0.001524735969449976,0
2025-11-22T17:45:17.663462,0.0017837171590859,-0.0190924398439991,-9.802750166420584,-0.0126804257447984,0.0080793468509377,-0.014996573234925,17.663462,0.01937179190062818,0.021235965986918792,0.0003752663214412435,0.00045096625139757183,0.0015002756833616484,0
2025-11-22T17:45:17.673077,0.0020397837836928,-0.020108224717641,-9.801505367410874,-0.0110701440646819,0.0093173051642874,-0.0139757608346214,17.673077,0.020267401170872487,0.02011671335093797,0.00041076755022108346,0.00040468215604380604,0.0014740127137613528,0
2025-11-22T17:45:17.682692,0.0023848515318784,-0.0209518322248019,-9.800381367956728,-0.0095742105876434,0.0102100950511345,-0.0130512199266535,17.682692,0.021090572109920783,0.019137551852408435,0.0004448122319237684,0.0003662458909036215,0.0014463549217992465,0
2025-11-22T17:45:17.692308,0.0028228420743656,-0.0216051505518871,-9.799386747640888,-0.0082363351843332,0.010764066360483,-0.0122597048126462,17.692308,0.021797409162615484,0.018275740859806124,0.0004751270462024734,0.0003340027039747871,0.0014177439035016634,0
2025-11-22T17:45:17.701923,0.0033530917455487,-0.0220570055106032,-9.798529079244911,-0.0070937538729022,0.010995152388864,-0.0116331634191536,17.701923,0.02235885337437051,0.017508432574059568,0.0004999183242165994,0.00030654521120039016,0.0013886263151117104,0
2025-11-22T17:45:17.711538,0.0039701017909286,-0.0223031707915955,-9.797814458051736,-0.006176269624167,0.0109282559076897,-0.0111970369761326,17.711538,0.022758948332404078,0.016821020203877157,0.0005179697291970383,0.0002829467206992435,0.0013594285854196678,0
2025-11-22T17:45:17.721154,0.0046635215736657,-0.0223459839256374,-9.797246901406622,-0.0055056406147001,0.0105963786312117,-0.0109690091100995,17.721154,0.02299284634267267,0.016214637816851816,0.0005286709829377559,0.000262914479531681,0.0013305381079698907,0
2025-11-22T17:45:17.730769,0.0054183671917342,-0.0221935958858075,-9.796827690054863,-0.0050953240458764,0.0100395211742245,-0.0109582682757024,17.730769,0.02306464722806334,0.015711077497818346,0.0005319779517550099,0.00024683795614245397,0.0013022928299424932,0
2025-11-22T17:45:17.740385,0.0062154537840214,-0.0218589305407134,-9.796554744486132,-0.0049505450790092,0.0093033820548594,-0.0111652750758919,17.740385,0.02298509290128893,0.015353311752137224,0.0005283144956808828,0.00023572418175831498,0.0012749797436713835,0
2025-11-22T17:45:17.75,0.0070320077349318,-0.0213584704340871,-9.796422124840763,-0.0050686427168549,0.0084378853255685,-0.011581966180508,17.75,0.022769158586188512,0.015199703561747562,0.000518434582723002,0.0002310309883650015,0.0012488414081584947,0
2025-11-22T17:45:17.759615,0.0078424253491005,-0.0207109999555501,-9.796419722865888,-0.0054396491940344,0.0074955731328623,-0.0121923003853451,17.759615,0.022433625183461967,0.015310963021009897,0.0005032675388720589,0.00023442558863073253,0.001224088502821838,0
2025-11-22T17:45:17.769231,0.0086191478027928,-0.0199364191828552,-9.796533194998377,-0.0060470690786967,0.0065299136672262,-0.0129730650958172,17.769231,0.02199475518391123,0.0157323626618594,0.00048376925560019,0.0002475072349242678,0.0012009156582453234,0
2025-11-22T17:45:17.778846,0.0093336206134067,-0.0190547030704669,-9.796744169291424,-0.0068688247381867,0.0055935934565925,-0.0138948946443302,17.778846,0.02146622035807848,0.016478383968660158,0.00046079861646158306,0.0002715371382185961,0.0011795174433626514,0
2025-11-22T17:45:17.788462,0.0099572998225972,-0.0180850417873732,-9.79703073540362,-0.0078783298605744,0.0047368734075618,-0.0149234753665889,17.788462,0.02085744683443897,0.01752758306465755,0.00043503308845144824,0.00030721616808847014,0.0011601014265017339,0
2025-11-22T17:45:17.798077,0.0104626600479965,-0.0170451713689195,-9.797368190089555,-0.0090456486210006,0.0040060760649927,-0.0160209113903508,17.798077,0.020172544353167104,0.018829285865124824,0.000406931545680494,0.0003545420061905895,0.0011428956971640109,0
2025-11-22T17:45:17.807692,0.0108241546932776,-0.0159508900557466,-9.797729968722557,-0.0103386870274824,0.0034422402503756,-0.0171472104650064,17.807692,0.019409952611871395,0.020316601441303213,0.0003767462603950932,0.0004127642941247638,0.0011281491291761966,0
2025-11-22T17:45:17.817308,0.0110190807926727,-0.0148157527490817,-9.798088664976506,-0.0117243374842052,0.0030799528651484,-0.018261839038927,17.817308,0.018562862726675775,0.021918963574465676,0.00034457987260940874,0.0004804409641787531,0.0011161238887424944,0
2025-11-22T17:45:17.826923,0.0110283157494599,-0.0136509429643709,-9.798417040637272,-0.0131694715567567,0.0029463655769311,-0.0193252946953581,17.826923,0.017620378895765645,0.02357080962248824,0.0003104777524303433,0.0005555830662595842,0.001107081064380274,0
2025-11-22T17:45:17.836538,0.0108369185376545,-0.0124653328876405,-9.79868895363147,-0.0146416757570569,0.0030604163737727,-0.0203006454392177,17.836538,0.01656931410686306,0.025216284869196616,0.0002745421699718913,0.0006358610226044742,0.0011012615857966684,0
2025-11-22T17:45:17.846154,0.0104346098882489,-0.0112657455171077,-9.798880168910229,-0.0161096636853492,0.0034322777475352,-0.0211549854594149,17.846154,0.015396497239495559,0.026811102259686005,0.00023705212724579438,0.00071883520437934,0.0010988655451959635,0
2025-11-22T17:45:17.855769,0.0098161508037802,-0.0100574181896629,-9.79896904826165,-0.0175433635831334,0.0040630395914387,-0.021860756168034,17.855769,0.014091534293011694,0.02832261564138888,0.0001985713387311246,0.000802170556769846,0.0011000334141661136,0
2025-11-22T17:45:17.865385,0.0089816277685051,-0.0088446358358348,-9.798937134817786,-0.0189137481273056,0.0049446264360406,-0.0223968775449282,17.865385,0.012650174023944484,0.02972876254702938,0.00016002690283607976,0.0008837993225776568,0.0011048323612553837,0
2025-11-22T17:45:17.875,0.0079366390486194,-0.0076314688264631,-9.798769655943362,-0.0201925204585331,0.0060599609482441,-0.0227496275683579,17.875,0.011078957637569284,0.031016230648831446,0.00012274330233505478,0.0009620065636615111,0.0011132499782145803,0
2025-11-22T17:45:17.884615,0.0066923682841754,-0.0064225285996516,-9.798455966204845,-0.0213517863201222,0.0073834058012224,-0.0229132045918301,17.884615,0.009403228553266339,0.03217807335675562,8.842070722496336e-05,0.001035428404952746,0.001125196406683113,0
2025-11-22T17:45:17.894231,0.005265527847748,-0.0052236492445028,-9.797989942915107,-0.0223638284304837,0.0088815197940579,-0.0228899179820555,17.894231,0.0076845705429474135,0.033211000604401866,5.905262442953511e-05,0.0011029705611455812,0.0011405143879526446,0
2025-11-22T17:45:17.903846,0.0036781503072461,-0.0040424126288585,-9.797370332308311,-0.0232010641675454,0.0105141455282629,-0.0226899757691235,17.903846,0.006065067329664496,0.034112631606187487,3.678504171336362e-05,0.0011636716350994615,0.0011589954209935264,0
2025-11-22T17:45:17.913462,0.0019572022067477,-0.0028884569786942,-9.79660102411687,-0.0238362225243929,0.0122358168500613,-0.0223308695155279,17.913462,0.004871022608238886,0.03487905462509202,2.3726861249974362e-05,0.001216548451540153,0.0011803992523261842,0
2025-11-22T17:45:17.923077,0.000133997665294,-0.0017735424809441,-9.795691208940688,-0.0242427356110158,0.013997444522226,-0.0218363944391402,17.923077,0.004661447060605411,0.035503053462485744,2.172908869882683e-05,0.0012604668051601209,0.001204473482833684,0
2025-11-22T17:45:17.932692,-0.0017565943454009,-0.0007113843856807,-9.7946553592007,-0.0243953182974123,0.015748211055737,-0.0212353822813907,17.932692,0.005670703370132745,0.035973311870397734,3.215687671203487e-05,0.0012940791669248984,0.0012309701936323012,0
2025-11-22T17:45:17.942308,-0.0036771302839181,0.0002827084676708,-9.79351298410096,-0.0242707104232418,0.0174375820879587,-0.020560251238777,17.942308,0.007462076552609262,0.03627479268755078,5.568258647700093e-05,0.0013158605845247876,0.0012596571189197024,0
2025-11-22T17:45:17.951923,-0.0055887172751551,0.0011923406028558,-9.7922881385754,-0.0238485643425975,0.0190173253115191,-0.019845478005191,17.951923,0.00959834587452919,0.036390323995008314,9.212824352709151e-05,0.0013242556804616778,0.0012903219287890165,0
2025-11-22T17:45:17.961538,-0.007452221767287,0.0020006345996885,-9.791008698799446,-0.0231124530023121,0.0204434247846384,-0.0191260753433228,17.961538,0.0118482760496785,0.036303248597717996,0.00014038164534938517,0.0013179258587477137,0.0013227694595094922,0
2025-11-22T17:45:17.971154,-0.0092294860674355,0.00269089259754,-9.789705443171622,-0.0220509408382847,0.0216777953494681,-0.018436134493674,17.971154,0.01408553216364955,0.03600085913052339,0.00019840221633320596,0.001296061858135789,0.0013568130088961977,0
2025-11-22T17:45:17.980769,-0.0108844726835368,0.0032472830814863,-9.788410999850726,-0.0206586191907334,0.02268973636018,-0.0178074796227889,17.980769,0.01622718452073139,0.03547828932570248,0.00026332151746986444,0.0012587090134782548,0.0013922618634672431,0
2025-11-22T17:45:17.990385,-0.0123842669669466,0.0036555315617137,-9.787158736883992,-0.018936990234925,0.0234570986268746,-0.017268477844055,17.990385,0.018210739076760706,0.034742558947193074,0.00033163101772185934,0.0012070454021991855,0.0014289078559536967,0
2025-11-22T17:45:18,-0.0136998916351222,0.0039035987331593,-9.785981669651234,-0.0168951011711724,0.0239671537647635,-0.0168430443089238,18.0,0.019985962565029956,0.033816520293494697,0.0003994386996507788,0.0011435570447603386,0.0014665138548291465,0
2025-11-22T17:45:18.009615,-0.0148069136188383,0.0039823246758801,-9.784911445298324,-0.0145498687031653,0.024217148672436,-0.0165498762209723,18.009615,0.02151204508468134,0.032742439921785334,0.00046276808372536254,0.001072067372031722,0.0015048066574935863,0
2025-11-22T17:45:18.019231,-0.0156858477837809,0.0038860057174938,-9.783977447473989,-0.0119260716734798,0.0242145152242428,-0.0164019433634594,18.019231,0.02275673637807393,0.03158476973486103,0.0005178690505811533,0.0009975976792041933,0.0015434759166291557,0
2025-11-22T17:45:18.028846,-0.0163223800685754,0.0036128615030369,-9.78320605076036,-0.0090560168776751,0.0239767006540539,-0.0164062528250333,18.028846,0.023696193584768106,0.030431213378729383,0.0005615095904068051,0.0009260587477017583,0.001582179673390415,0
2025-11-22T17:45:18.038462,-0.016707440551094,0.0031653535835215,-9.782620037690233,-0.005978897977553,0.0235305906674149,-0.0165638898304371,18.038462,0.02431503902867535,0.029390446823726213,0.0005912211229660055,0.0008637983644982783,0.0016205560006534656,0
2025-11-22T17:45:18.048077,-0.0168371528328038,0.0025503346977,-9.782238172421575,-0.0027398746151671,0.022911515357348,-0.0168703189856239,18.048077,0.02460643089745446,0.028584123417616507,0.0006054764415112015,0.0008170521115535323,0.0016582393411831045,0
2025-11-22T17:45:18.057692,-0.0167126755281654,0.001779029088168,-9.782074909588276,0.0006110938161916,0.0221618585144307,-0.0173159173500523,18.057692,0.024572084447087042,0.028131164251407624,0.0006037873340747769,0.0007913624021396743,0.0016948794901012936,0
2025-11-22T17:45:18.067308,-0.016339944540452,0.0008668563941484,-9.782140207070498,0.0040206134607463,0.0213293274843524,-0.0178867023380723,18.067308,0.02422225074343524,0.028125427357931578,0.0005867174310778491,0.0007910396640662861,0.0017301608966369675,0
2025-11-22T17:45:18.076923,-0.0157293253817133,-0.0001668877537807,-9.782439409329728,0.0074333567837056,0.0204649685626873,-0.018565206336347,18.076923,0.023575705146931594,0.028613574010542275,0.0005558138731750568,0.0008187366176567804,0.0017638200574862616,0
2025-11-22T17:45:18.086538,-0.0148951893214089,-0.0012994867054249,-9.782973179650767,0.0107936133936376,0.0196210233264087,-0.0193314338737016,18.086538,0.02265983101930063,0.029583626925718302,0.000513467941823259,0.000875190982080085,0.0017956591945632442,0
2025-11-22T17:45:18.096154,-0.0138554310624362,-0.0025053884051655,-9.783737485568636,0.0140467887244835,0.0188487204930864,-0.0201638246566518,18.096154,0.021510911571037496,0.030970411080270974,0.00046271931661699483,0.0009591663624809711,0.0018255550618392488,0
2025-11-22T17:45:18.105769,-0.0126309482807651,-0.0037569105284431,-9.784723666963048,0.0171407537222474,0.0181960963941604,-0.0210401466708614,18.105769,0.020174775890849036,0.03267401313098339,0.0004070215822459835,0.0010675911340836753,0.0018534624967513557,0
2025-11-22T17:45:18.115385,-0.0112451056611609,-0.0050250411491964,-9.785918622408014,0.020026981976003,0.0177059397606951,-0.0219382597532371,18.115385,0.018707983182852828,0.03458131794592299,0.0003499886347699042,0.0011958675508770156,0.0018794131134735798,0
2025-11-22T17:45:18.125,-0.0097232063452195,-0.0062803010489494,-9.787305132759151,0.0226614562793479,0.0174139633980565,-0.0228367162333067,18.125,0.017179714117526727,0.036582828352250484,0.00029514257715994714,0.0013383033302502218,0.0019035102267576172,0
2025-11-22T17:45:18.134615,-0.0080919878941521,-0.0074936325229778,-9.788862314342085,0.025005360528182,0.0173473095179147,-0.0237151948850014,18.134615,0.015674273134122726,0.038582478809535976,0.00024568283828308146,0.0014886076710882927,0.0019259215857638909,0
2025-11-22T17:45:18.144231,-0.0063791464460236,-0.0086372845906082,-9.790566174768156,0.0270255858090848,0.0175234823114573,-0.0245547941209835,18.144231,0.014293119078212799,0.040501760887250916,0.0002042932529839707,0.001640392634968048,0.0019468716795495204,0
2025-11-22T17:45:18.153846,-0.0046128767460562,-0.0096856730684883,-9.792390240169238,0.0286950791590271,0.0179497626181328,-0.0253382376520198,18.153846,0.013152921323638673,0.04228034807449417,0.0001729993393458289,0.0017876278333003829,0.001966635183218324,0
2025-11-22T17:45:18.163462,-0.0028214067980328,-0.0106162036715145,-9.794306227169866,0.029993058516908,0.0186231056648726,-0.0260500627574847,18.163462,0.012372678196584866,0.043874928985384906,0.00015308316575624655,0.0019250093934725686,0.001985532548907088,0
2025-11-22T17:45:18.173077,-0.0010325115710413,-0.0114100480169897,-9.796284736485966,0.0309051133335936,0.0195304760589248,-0.0266768567051932,18.173077,0.012044021706766628,0.04525726691836253,0.00014505845887306573,0.0020482202089199112,0.002003927884124355,0
2025-11-22T17:45:18.182692,0.0007269908546493,-0.0120528462961535,-9.798295945036257,0.0314232139608721,0.0206495531427822,-0.0272075797211736,18.182692,0.012194401291613506,0.04641201153700786,0.00014870342286090515,0.0021540748149113504,0.002022228245718593,0
2025-11-22T17:45:18.192308,0.002431736665578,-0.0125352828367662,-9.800310272074524,0.0315456638425514,0.02194974638817,-0.0276339765839209,18.192308,0.012772741591712832,0.047334521605408936,0.00016314292776867085,0.002240556935612925,0.00204088251760499,0
2025-11-22T17:45:18.201923,0.0040582742602735,-0.012853463364505,-9.802298993979011,0.0312770324715733,0.0233934771062091,-0.0279510485990304,18.201923,0.01367356880078491,0.04802883143625232,0.00018696648374979846,0.002306768649131939,0.0020603773769770762,0
2025-11-22T17:45:18.211538,0.0055854562001098,-0.0130090311291022,-9.804234783130068,0.0306280917570222,0.0249376889922173,-0.0281575403935754,18.211538,0.014777198653330796,0.04850582870094023,0.00021836560004000148,0.002352815417964957,0.0020812277101735213,0
2025-11-22T17:45:18.221154,0.006994752946046,-0.0130089897077899,-9.806092150259358,0.0296157496678051,0.0265355418218123,-0.0282563906970504,18.221154,0.015977317571363277,0.04878166892786269,0.00025527467677619373,0.0023796512233876044,0.0021039593451272357,0
2025-11-22T17:45:18.230769,0.0082704888343103,-0.0128652383683897,-9.807847778301523,0.0282629491634306,0.0281382262813674,-0.028255096450254,18.230769,0.01719019976916466,0.04887642119764145,0.0002955029681037887,0.0023889045490892544,0.0021290830977279862,0
2025-11-22T17:45:18.240385,0.0094000053123777,-0.0125938599492223,-9.80948074895621,0.0265984886532775,0.0296968167312203,-0.0281659384237835,18.240385,0.018353474032564307,0.048812914376203574,0.0003368500090640123,0.0023827006098985815,0.002157060696473414,0
2025-11-22T17:45:18.25,0.0103737515715377,-0.0122142270478822,-9.81097267737564,0.0246567246248067,0.0311640601607387,-0.0280060151017267,18.25,0.019421681514097993,0.04861573404571645,0.0003772017128350557,0.0023634895968038337,0.002188264854567676,0
2025-11-22T17:45:18.259615,0.0111852941069976,-0.0117480064232527,-9.812307778257892,0.0224771316838474,0.0324959999518955,-0.0277970371823961,18.259615,0.02036192193350753,0.048310317094034064,0.00041460786482625504,0.00233388673772612,0.0022229372830102714,0
2025-11-22T17:45:18.269231,0.0118312330419927,-0.0112181413339236,-9.813472881520124,0.0201037087239593,0.0336533568629074,-0.0275648508570763,18.269231,0.021150491879317893,0.04792210904554237,0.00044734330673709216,0.002296528535372854,0.0022611495239735517,0
2025-11-22T17:45:18.278846,0.0123110176362483,-0.0106478820469001,-9.814457403462216,0.0175842266916546,0.034602618420404,-0.0273386810265831,18.278846,0.021770509001720145,0.04747578024808897,0.00047395506219397786,0.002253949710164835,0.0023027719546021104,0
2025-11-22T17:45:18.288462,0.0126266633841252,-0.010059924425255,-9.815253278658703,0.0149693209507132,0.0353168022841242,-0.0271501133198715,18.288462,0.022210295304157635,0.04699452890053528,0.0004932972174978866,0.0022084857465832454,0.0023474560564758083,0
2025-11-22T17:45:18.298077,0.0127823844256351,-0.0094757063526124,-9.815854877457388,0.0123114500998117,0.0357758620743265,-0.0270318642202327,18.298077,0.022462312919074863,0.0464995246636187,0.0005045555016744375,0.002162205793942484,0.002394634017746671,0
2025-11-22T17:45:18.307692,0.0127841650849377,-0.0089148955417474,-9.816258955941452,0.0096637710722868,0.0359667160767274,-0.0270164148241057,18.307692,0.02252251956920567,0.04600956212168995,0.0005072638877452524,0.0021168798066296462,0.0024435379787866073,0
2025-11-22T17:45:18.317308,0.0126393017583351,-0.0083950753092134,-9.816464683638998,0.007079001315946,0.0358829147361361,-0.0271345964709558,18.317308,0.02239006578190142,0.04554099422754827,0.0005013150457178729,0.0020739821552335854,0.002493238918933794,0
2025-11-22T17:45:18.326923,0.0123559499664044,-0.0079316000055532,-9.81647376548323,0.0046083375940291,0.0355240120470385,-0.0274142118613232,18.326923,0.022067277299586456,0.045107995070454994,0.0004869647274168437,0.002034731219276192,0.0025427026097256163,0
2025-11-22T17:45:18.336538,0.0119427106963843,-0.0075375607533041,-9.816290638060766,0.0023004747960686,0.0348947410378994,-0.0278787572396093,18.336538,0.021559871273134287,0.04472315106982597,0.00046482804931412107,0.0020001602416144753,0.00259085762922664,0
2025-11-22T17:45:18.346154,0.0114082868966549,-0.0072237901834022,-9.815922695687076,0.0002007254390795,0.0340040975594907,-0.0285462889539781,18.346154,0.020877365553954013,0.04439830576250931,0.00043586439247342556,0.0019712095545812674,0.00263666859140058,0
2025-11-22T17:45:18.355769,0.0107612378518964,-0.0069988488482808,-9.815380495338127,-0.0016498025744638,0.0328644179635642,-0.0294284621801033,18.355769,0.020033665719291098,0.04414551169602997,0.0004013477621522993,0.0019488262029043186,0.0026792068785235577,0
2025-11-22T17:45:18.365385,0.0100098554353071,-0.0068689678791222,-9.814677895569348,-0.003215035761513,0.031490511832509,-0.0305297687815952,18.365385,0.019047848799925614,0.043977898679664784,0.00036282054390482767,0.0019340555722788615,0.0027177114534114245,0
2025-11-22T17:45:18.375,0.0091621772258473,-0.0068379547840496,-9.813832093322224,-0.0044648291768106,0.0298988899766954,-0.0318470138330882,18.375,0.01794519219237408,0.04391025633609473,0.00032202992282124367,0.0019281106115015473,0.002751633680134183,0
2025-11-22T17:45:18.384615,0.0082261345375637,-0.0069070873167124,-9.81286352868084,-0.0053759420224581,0.0281071173997969,-0.0333690825933542,18.384615,0.01675850574345917,0.043959145513498,0.00028084751475355394,0.0019324064742768912,0.0027806621974069573,0
2025-11-22T17:45:18.394231,0.0072098127746613,-0.0070750218023372,-9.81179563482694,-0.0059330548949416,0.0261333269044367,-0.0350770455733183,18.394231,0.015529788624437468,0.04414239506000093,0.0002411743347197074,0.0019485510416331945,0.002804726398128542,0
2025-11-22T17:45:18.403846,0.0061217850466282,-0.0073377372339635,-9.810654423210902,-0.0061297336893375,0.0239959430847122,-0.0369446261203549,18.403846,0.014312070913351906,0.04447790821070339,0.00020483537382881366,0.001978284318799756,0.002823979622430745,0
2025-11-22T17:45:18.413462,0.004971471487227,-0.007688535732013,-9.809467911149556,-0.0059692114854172,0.0217136659682746,-0.0389390230560801,18.413462,0.013170818197310901,0.0449817995649505,0.00017347045198661597,0.0020233622921013807,0.00283876544306057,0
2025-11-22T17:45:18.423077,0.0037694745407196,-0.0081181227347183,-9.808265417309292,-0.0054648575517338,0.01930573564561,-0.0410220504306478,18.423077,0.01218318424492581,0.045666012727339465,0.00014842997834580847,0.00208538471841353,0.002849572103048575,0
2025-11-22T17:45:18.432692,0.0025278428349342,-0.0086147860868701,-9.807076766432786,-0.0046402288102871,0.0167924531175775,-0.0431515332838458,18.432692,0.011431760663382341,0.04653571778606953,0.00013068515186485585,0.0021655730298647084,0.0028569810241538167,0
2025-11-22T17:45:18.442308,0.0012602244610098,-0.0091646779859541,-9.80593145251623,-0.0035286425049845,0.0141958850426989,-0.045282886072402,18.442308,0.010989159077501875,0.047586912498287226,0.00012076161723064186,0.002264514241119645,0.002861615255302078,0
2025-11-22T17:45:18.451923,-1.8114201270127433e-05,-0.0097521872338038,-9.804857804305126,-0.0021722573971494,0.0115406445061162,-0.0473707961275037,18.451923,0.010895124902191118,0.04880468731146159,0.00011870374663434501,0.0023818975035695402,0.002864092869981828,0
2025-11-22T17:45:18.461538,-0.0012904090820405,-0.0103603829623942,-9.803882181728214,-0.0006206955967561,0.0088546268313634,-0.0493709308869742,18.461538,0.011138852081671492,0.050162520829728205,0.00012407402569735733,0.002516278495992916,0.002864988911259831,0
2025-11-22T17:45:18.471154,-0.0025386482735885,-0.0109715153915338,-9.80302821961456,0.0010707284027907,0.0061695880834194,-0.0512415840328803,18.471154,0.011661432119498114,0.05162276833559342,0.00013598899907766226,0.002664910210630347,0.0028648078639348404,0
2025-11-22T17:45:18.480769,-0.0037439328045904,-0.0115675653116263,-9.802316136173475,0.0028430845647197,0.0035214700250204,-0.0529451763418821,18.480769,0.012376998297572245,0.05313826849693409,0.00015319008685810625,0.0028236755788522577,0.0028639671107250843,0
2025-11-22T17:45:18.490385,-0.0048869242532785,-0.0121308335135198,-9.801762133635332,0.0046361142893506,0.0009503887351492,-0.0544495324225293,18.490385,0.01319637318882667,0.05465481109183242,0.00017414426533878338,0.002987148375483888,0.0028627906009018617,0
2025-11-22T17:45:18.5,-0.0059483469314603,-0.0126445526409428,-9.80137792262886,0.0063906257354188,-0.0014997819876425,-0.0557288647529061,18.5,0.014041588709177877,0.05611413199852916,0.00019716621347771164,0.0031487958099483543,0.002861511109055139,0
2025-11-22T17:45:18.509615,-0.0069095048960757,-0.0130934913223444,-9.801170393291857,0.0080508851719312,-0.0037822812852552,-0.0567644165714791,18.509615,0.014850945874752351,0.05745712655948629,0.00022055059337482388,0.0033013213924728245,0.002860278981851485,0
2025-11-22T17:45:18.519231,-0.0077527754119848,-0.0134645099222247,-9.80114144358201,0.009566880276325,-0.0058488047424903,-0.0575447474566344,18.519231,0.015578878248618318,0.058627055827366464,0.00024270144748527294,0.003437131674985144,0.002859175105319613,0
2025-11-22T17:45:18.528846,-0.0084620535109161,-0.0137470221339657,-9.80128797321058,0.0108963298100556,-0.0076512919569725,-0.0580656828207161,18.528846,0.016194006365458875,0.05957260942225331,0.00026224584216452256,0.0035488957933763436,0.0028582259191865128,0
2025-11-22T17:45:18.538462,-0.0090231400151256,-0.0139333182684243,-9.801602061503116,0.0120063289616555,-0.009144064003298,-0.0583299804316417,18.538462,0.016676960597229104,0.06025074654133011,0.0002781210147615321,0.003630152458787602,0.0028574186215166563,0
2025-11-22T17:45:18.548077,-0.00942407786557,-0.0140187171046065,-9.80207135378584,0.0128745434262349,-0.0102861559166336,-0.058346786336393,18.548077,0.017018465835128088,0.06062925323439174,0.000289628179381422,0.003675906347760002,0.0028567151977107004,0
2025-11-22T17:45:18.557692,-0.0096554453793518,-0.0140015346113959,-9.80267967027081,0.0134898870882493,-0.0110436627560925,-0.058130954348231,18.557692,0.01721775913724044,0.06068893963614899,0.0002964512297080267,0.0036831473941601363,0.002856064478118834,0
2025-11-22T17:45:18.567308,-0.0097106141103985,-0.0138828836228335,-9.803407828463566,0.0138526384851786,-0.0113919280458608,-0.0577022843550624,18.567308,0.01728131299766589,0.060425369153986976,0.00029864377892329605,0.0036512252373956007,0.0028554119412446113,0
2025-11-22T17:45:18.576923,-0.0095859771024156,-0.0136663384073449,-9.804234646286364,0.0139739836598074,-0.0113174242386455,-0.0570847020008015,18.576923,0.017221846348249588,0.05984997504796769,0.00029659199164271767,0.0035820195132423554,0.0028547073005087747,0
2025-11-22T17:45:18.586538,-0.0092811496981398,-0.0133575064669032,-9.805138068471132,0.0138750286221567,-0.0108191846207838,-0.0563053755468982,18.586538,0.01705762194289336,0.05899039320602562,0.000290962466346677,0.0034798664906015137,0.0028539099755853985,0
2025-11-22T17:45:18.596154,-0.008799138474953,-0.0129635487405501,-9.806096327627866,0.0135853913140032,-0.0099096535539678,-0.0553937620529809,18.596154,0.016812008933982096,0.057889834730257494,0.0002826436443962938,0.003351232965096527,0.002852992401796684,0
2025-11-22T17:45:18.605769,-0.0081464671230964,-0.0124926825539434,-9.807089021566366,0.013141527027454,-0.008614851518611,-0.0543805934175791,18.605769,0.016513215033714185,0.05660533843860546,0.0002726862707496842,0.003204164339749065,0.002851940911460492,0
2025-11-22T17:45:18.615385,-0.0073332449478203,-0.0119536906366103,-9.808097979852846,0.0125849385516368,-0.0069738076119579,-0.0532968369162345,18.615385,0.016193964276779344,0.05520477783881367,0.00026224447899760554,0.0030475674962327725,0.0028507537762812772,0
2025-11-22T17:45:18.625,-0.0063731635068921,-0.0113554466472761,-9.809107815184966,0.0119603799858671,-0.005037275579372,-0.0521726776372207,18.625,0.01589074193007348,0.053762562499440225,0.00025251567908819543,0.002890413126506216,0.002849436024801623,0
2025-11-22T17:45:18.634615,-0.0052834062453885,-0.0107064596793457,-9.810106100561946,0.011314104835516,-0.0028658051289154,-0.0510365673869276,18.634615,0.015642120348194784,0.05235411175740035,0.0002446759289874093,0.002740953017906366,0.0028479908875433477,0
2025-11-22T17:45:18.644231,-0.0040844550210268,-0.0100144434851973,-9.811083168674797,0.0106921554267513,-0.0005272888129951,-0.049914375198869,18.644231,0.015485750837818064,0.05104943753515396,0.0002398084790109829,0.002606045072655586,0.0028464081758878506,0
2025-11-22T17:45:18.653846,-0.0027997802406338,-0.0092859291597211,-9.812031587635726,0.0101386608785994,0.0019058529027458,-0.0488286675520399,18.653846,0.015454007596456668,0.04990654761257064,0.0002388263507913404,0.0024906634946057805,0.0028446505170840316,0
2025-11-22T17:45:18.663462,-0.0014554100243238,-0.0085259541847514,-9.812945417095143,0.009694120627865,0.0043596565863056,-0.0477981418199534,18.663462,0.015569005647972294,0.048965752743509346,0.0002423939368665932,0.002397644941738493,0.002842639043871702,0
2025-11-22T17:45:18.673077,-7.938601893547905e-05,-0.0077378681055713,-9.813819375769071,0.0093936966264858,0.0067615704362558,-0.0468372303043703,18.673077,0.015838435895188654,0.04824610361116764,0.00025085605160600044,0.0023276865136595236,0.002840240733996415,0
2025-11-22T17:45:18.682692,0.001298874703805,-0.0069232938167702,-9.81464804716172,0.0092655963896135,0.009043193121246,-0.0459558840713247,18.682692,0.016253749057416344,0.0477448834856721,0.0002641843584214627,0.0022795738990604047,0.00283725995678847,0
2025-11-22T17:45:18.692308,0.0026492841345787,-0.0060822751305447,-9.815425221880984,0.0093296761663944,0.0111426501170274,-0.045159540193201,18.692308,0.01679137419233285,0.047440337050463875,0.0002819502472669416,0.0022505855794616157,0.0028334367781403195,0
2025-11-22T17:45:18.701923,0.0039418239737616,-0.0052136247622478,-9.816143435910895,0.0095964111328286,0.013006519851759,-0.0444492770654668,18.701923,0.01741638258682909,0.047296922700394685,0.00030333038241080353,0.00223699889692711,0.002828454137381256,0
2025-11-22T17:45:18.711538,0.0051472933989995,-0.0043154586278165,-9.81679372454684,0.0100663553558408,0.0145912898746164,-0.0438221668803742,18.711538,0.0180872053302582,0.04727176282355581,0.0003271469966589207,0.002234619560446513,0.0028219551572083845,0
2025-11-22T17:45:18.721154,0.0062380366237385,-0.0033858665261979,-9.81736558042324,0.0107301519124165,0.0158643789381263,-0.0432718323810323,18.721154,0.01876007933054512,0.04732088499561432,0.0003519405764883463,0.0022392661567681564,0.0028135706664217273,0
2025-11-22T17:45:18.730769,0.0071886236558135,-0.002423641542686,-9.817847089670954,0.0115690804956783,0.0168047819275056,-0.042789201080688,18.730769,0.019392497469779234,0.04740421973063214,0.000376068958115394,0.0022471600482700535,0.0028029556473230365,0
2025-11-22T17:45:18.740385,0.0079764591276167,-0.0014289847645209,-9.818225221271923,0.0125560756089842,0.0174033722010553,-0.0423634282864795,18.740385,0.019945540556282674,0.047488866641042134,0.00039782458808231697,0.0022551924548506845,0.0027898319542487473,0
2025-11-22T17:45:18.75,0.0085822995488981,-0.0004041154933849,-9.818486249029103,0.0136571193457338,0.0176628453564793,-0.0419829382260624,18.75,0.020385302991248418,0.04755060585317385,0.00041556057804500166,0.002261060117003891,0.0027740334954671317,0
2025-11-22T17:45:18.759615,0.0089906699572855,0.0006462638321758,-9.818616285115354,0.0148328992416903,0.0175972437962916,-0.041636513531239,18.759615,0.02068371037115293,0.04757391247498263,0.0004278158747177392,0.0022632771481773083,0.0027555493137796086,0
2025-11-22T17:45:18.769231,0.0091901830250062,0.0017146830380494,-9.81860190238742,0.0160406184600288,0.017230993453976,-0.0413143463316608,18.769231,0.02081899071485287,0.04755085476417427,0.00043343037438513005,0.0022610837888035946,0.002734559761783824,0
2025-11-22T17:45:18.778846,0.0091737723710268,0.0027908225110906,-9.818430825130545,0.0172358541566322,0.0165974181958256,-0.0410089530402078,18.778846,0.020775998286400366,0.0474792922096548,0.0004316421047965109,0.002254283188729787,0.0027114612792823343,0
2025-11-22T17:45:18.788462,0.0089388553708251,0.0038616468090986,-9.818092672723958,0.0183743800835638,0.0157367573964333,-0.0407158604434064,18.788462,0.02054653882567551,0.047360792523525305,0.00042216025771499115,0.0022430446684564105,0.0026868761061065124,0
2025-11-22T17:45:18.798077,0.0084874378870636,0.004911756286974,-9.817579740700662,0.019413894447129,0.0146937809196359,-0.0404339974119487,18.798077,0.02012980960694555,0.047198672036700313,0.0004052092348118774,0.0022277146420279963,0.0026616445257121317,0
2025-11-22T17:45:18.807692,0.0078261617576233,0.0059239431081283,-9.81688779433522,0.0203156138866696,0.0135151617156417,-0.0401657628560649,18.807692,0.01953303630553804,0.04699651337707759,0.00038153950731346714,0.0022086722696018327,0.0026367988169283614,0
2025-11-22T17:45:18.817308,0.0069662782839853,0.0068799107302135,-9.816016833550966,0.0210457044924214,0.012246814373667,-0.0399167706737108,18.817308,0.018772350992482797,0.046757402845998636,0.0003524011617849699,0.0021862547209030012,0.0026135198322924766,0
2025-11-22T17:45:18.826923,0.0059235178348906,0.0077610871739289,-9.814971771247295,0.0215765226323075,0.0109314227187641,-0.0396952925064896,18.826923,0.0178739047760389,0.04648396044588455,0.00031947647194290616,0.0021607585787345594,0.002593078841748614,0
2025-11-22T17:45:18.836538,0.0047178262692381,0.0085494486159773,-9.813762957905068,0.0218876369273916,0.0096063596750325,-0.0395114374681995,18.836538,0.016875128640712583,0.04617904814171516,0.0002847699666405981,0.0021325044872748463,0.0025767688128228235,0
2025-11-22T17:45:18.846154,0.003372951422094,0.0092282783493901,-9.812406490147996,0.0219666055799719,0.0083021613336298,-0.0393761334525763,18.846154,0.01582589398365653,0.045846892252264695,0.00025045892038193593,0.0021019375291907684,0.0025658304818938194,0
2025-11-22T17:45:18.855769,0.001915877537104,0.0097828111667144,-9.810924259448369,0.0218094941256247,0.0070416661740003,-0.0393000052628459,18.855769,0.01478896296418466,0.04549427997211774,0.00021871342555602552,0.0020697295101814333,0.0025613792464061727,0
2025-11-22T17:45:18.865385,0.0003761156545853,0.0102007441069623,-9.80934372022848,0.021421131260286,0.0058398722070121,-0.0392922678951928,18.865385,0.01383841577021868,0.045131488876528694,0.00019150175102943708,0.0020368512882122333,0.0025643389626711834,0
2025-11-22T17:45:18.875,-0.0012151340395486,0.0104726212356227,-9.807697375746509,0.0208151055369047,0.0047045004319982,-0.0393597575501108,18.875,0.013053809392733387,0.04477266417392041,0.0001704019396618144,0.002004591457230656,0.0025753881634921327,0
2025-11-22T17:45:18.884615,-0.0028259192583897,0.0105921147637583,-9.806021994731502,0.0200135010003522,0.0036371879374831,-0.0395062082360629,18.884615,0.012507723028984645,0.04443545709874981,0.0001564431353697928,0.001974509847574835,0.0025949231126414234,0
2025-11-22T17:45:18.894231,-0.0044245241447385,0.0105562254199747,-9.80435758390354,0.0190463615897056,0.0026351747043902,-0.0397318541792948,18.894231,0.012247401622429153,0.04413987168143125,0.00014999884650108026,0.0019483282720532164,0.0026230406151509767,0
2025-11-22T17:45:18.903846,-0.0059804424443669,0.0103654172492713,-9.802746151520116,0.0179508723502582,0.0016932989436912,-0.0400333996980793,18.903846,0.01227798496306743,0.043906425165733384,0.0001507489147533099,0.0019277741708341458,0.0026595416967594887,0
2025-11-22T17:45:18.913462,-0.0074652598278687,0.0100236927801122,-9.80123030750211,0.0167702518322342,0.0008060821642081,-0.0404043480061691,18.913462,0.012558589801303675,0.04375388500208444,0.00015771817779740868,0.0019144024527756299,0.0027039552476402317,0
2025-11-22T17:45:18.923077,-0.0088533766101726,0.0095386057037537,-9.799851761523357,0.0155523574571556,-3.032345355202267e-05,-0.0408356252448769,18.923077,0.01301496257463661,0.043696968214362496,0.00016938925081919163,0.0019094250311270063,0.0027555786906006347,0
2025-11-22T17:45:18.932692,-0.0101225237737141,0.0089211992813136,-9.798649798715646,0.0143480169892898,-0.0008165297525319,-0.0413163920495175,18.932692,0.013560100577598646,0.043744446097203606,0.00018387632767459113,0.0019135765643511517,0.0028135310196359437,0
2025-11-22T17:45:18.942308,-0.0112540572721401,0.0081858524000353,-9.797659820203846,0.0132091297774959,-0.0015488040836373,-0.041834916149464,18.942308,0.0141116415089849,0.04389806502342563,0.00019913842607810565,0.0019270401128009046,0.002876812526299027,0
2025-11-22T17:45:18.951923,-0.0122330488761709,0.0073500173975029,-9.7969120243755,0.0121866315325687,-0.0022185496302169,-0.042379387638737,18.951923,0.014601569573436066,0.04415255878436342,0.0002132058340078939,0.0019494484472066676,0.00294436538582696,0
2025-11-22T17:45:18.961538,-0.0130482155745918,0.0064338449176139,-9.7964302824286,0.0113284602913354,-0.0028123996555799,-0.042938586641208,18.961538,0.014979758797940966,0.04449680693195406,0.00022439317364448977,0.0019799658271395953,0.0030151299521787855,0
2025-11-22T17:45:18.971154,-0.0136917384217049,0.0054597013029677,-9.796231243094764,0.0106776746634522,-0.0033128803106379,-0.0435023532290859,18.971154,0.01521432114610387,0.044915950937715894,0.00023147556793678338,0.0020174426486393015,0.003088092879086306,0
2025-11-22T17:45:18.980769,-0.0141590184691947,0.00445158352899,-9.796323692557952,0.0102708599275535,-0.0036995289104739,-0.0440618532486032,18.980769,0.015290835043745574,0.04539409641696044,0.00023380963633503772,0.002060623989512301,0.0031623247663701095,0
2025-11-22T17:45:18.990385,-0.0144484099750841,0.0034344289283649,-9.796708191545047,0.0101369260079507,-0.0039503063361371,-0.0446096709174416,18.990385,0.015211438320428587,0.04591715287779096,0.00023138785577620326,0.0021083849284024266,0.0032370066511833344,0
2025-11-22T17:45:19,-0.014560966408922,0.0024333157157961,-9.797377006591086,0.0102963567928243,-0.0040431266383447,-0.045139781533569,19.0,0.01499409425599645,0.046475388251387084,0.00022482286255770572,0.002159961713117169,0.003311446045557279,0
2025-11-22T17:45:19.009615,-0.0145002323177245,0.0014725641586293,-9.798314344845515,0.0107609138554856,-0.0039573437910672,-0.0456474624641049,19.009615,0.014671967004089981,0.04706536588934315,0.00021526661576910515,0.002215148666297746,0.0033850841370991836,0
2025-11-22T17:45:19.019231,-0.01427210660447,0.0005747709567546,-9.799496889983024,0.0115337437973916,-0.0036750763939518,-0.0461291891499994,19.019231,0.014292533304885715,0.047691042388709366,0.0002042765082712674,0.0022744355241216736,0.0034574961392998286,0
2025-11-22T17:45:19.028846,-0.0138847845746059,-0.0002401728049909,-9.800894620269846,0.0126098035316926,-0.0031823022141989,-0.0465825414379796,19.028846,0.013915648424945519,0.048363905542371875,0.0001936452710866887,0.002339067359311469,0.003528386699653332,0
2025-11-22T17:45:19.038462,-0.013348759586646,-0.0009560229486226,-9.802471871980435,0.0139765024812556,-0.0024696962040646,-0.0470061246926866,19.038462,0.013609317156566795,0.04910211583601379,0.00018521351346802333,0.002411017779573316,0.0035975819178787707,0
2025-11-22T17:45:19.048077,-0.0126768404750262,-0.0015610246666538,-9.804188595853311,0.0156144561611991,-0.0015332039873366,-0.0473994968016224,19.048077,0.013441853207855542,0.04992869167847086,0.00018068341766153633,0.0024928742527238054,0.003665019008834476,0
2025-11-22T17:45:19.057692,-0.0118841301130024,-0.0020485981725179,-9.80600174295911,0.0174982521583805,-0.0003743435311416,-0.0477630844854284,19.057692,0.013470346007524324,0.05086886278697163,0.0001814502215624265,0.002587641201239747,0.0037307340435512016,0
2025-11-22T17:45:19.067308,-0.0109879187367771,-0.0024178117151437,-9.807866711499088,0.0195971555265834,0.0009997697183207,-0.0480980679689891,19.067308,0.013728267241927258,0.0519468207551941,0.00018846532146577305,0.0026984721865722645,0.0037948476685142115,0
2025-11-22T17:45:19.076923,-0.0100074676120624,-0.0026735919243156,-9.80973878929353,0.0218757259908234,0.0025766618268704,-0.0484062176611678,19.076923,0.014217648141939451,0.05318221960445042,0.00020214151868799433,0.002828348482055991,0.0038575484549760197,0
2025-11-22T17:45:19.086538,-0.0089636829081538,-0.0028266309749316,-9.811574536170678,0.0242943704673985,0.0043389641058185,-0.0486896843408179,19.086538,0.014909974564454672,0.0545868886009019,0.00022230734151268528,0.0029797284071272734,0.003919073691669919,0
2025-11-22T17:45:19.096154,-0.0078786966411834,-0.0028929659189317,-9.813333061556277,0.0268098937660255,0.0062650418352265,-0.0489507667780307,19.096154,0.015754797460943035,0.056162253525832324,0.0002482136430353371,0.0031541987210998656,0.003979687930249948,0
2025-11-22T17:45:19.105769,-0.0067753784556532,-0.0028932299184669,-9.81497716274382,0.029376124987577,0.0083297283095627,-0.0491916946938114,19.105769,0.016691073555444677,0.057897874916494375,0.0002785919364332646,0.003352163919846029,0.004039660216853717,0
2025-11-22T17:45:19.115385,-0.0056768020278792,-0.0028516044829765,-9.81647430163983,0.0319446852648445,0.0105051241738794,-0.0494144667423414,19.115385,0.017656736502286424,0.05977131480910022,0.0003117603439111738,0.0035726100740085635,0.00409924150274388,0
2025-11-22T17:45:19.125,-0.0046056875956807,-0.0027945310297358,-9.817797414960474,0.0344659356466478,0.0127614472356754,-0.0496207735190544,19.125,0.0185948848122388,0.061749302993451556,0.00034576974118042915,0.0038129764201770854,0.00415864409848258,0
2025-11-22T17:45:19.134615,-0.0035838392856714,-0.0027492666520868,-9.818925567024454,0.0368901128877067,0.0150679338211688,-0.049812012211281,19.134615,0.01945711844921747,0.06378996487727262,0.0003785794583468789,0.004069159619043674,0.0042180251294433825,0
2025-11-22T17:45:19.144231,-0.0026315910587419,-0.0027423880871118,-9.81984445100034,0.0391686214328901,0.0173937906280736,-0.0499893662544064,19.144231,0.020205152793920777,0.06584574090921526,0.00040824819942568457,0.004335661595883504,0.004277475695284517,0
2025-11-22T17:45:19.153846,-0.0017672691011231,-0.0027983505247265,-9.820546721842268,0.0412553962653469,0.0197091761843238,-0.0501538967590929,19.153846,0.02081157812849673,0.06786658019229543,0.0004331217841985235,0.004605872706997266,0.0043370168228005586,0
2025-11-22T17:45:19.163462,-0.0010066780213145,-0.0029381900004589,-9.821032121364963,0.043108201652581,0.0219861653375031,-0.050306589094775,19.163462,0.02126020908241273,0.06980301871923696,0.0004519964902279048,0.004872461422318145,0.0043966024192679766,0
2025-11-22T17:45:19.173077,-0.0003626279716963,-0.0031784287878511,-9.821307355209113,0.0446897205865299,0.0241996330824345,-0.0504483202204236,19.173077,0.021546166587413484,0.07160884289310207,0.00046423729461257326,0.005127826380488975,0.0044561284662167815,0
2025-11-22T17:45:19.182692,0.0001554662505538,-0.0035302191088205,-9.821385705185303,0.0459683336428533,0.026327987434256,-0.0505797487215898,19.182692,0.021675677682232233,0.07324316760612,0.0004698350029840205,0.005364561600978186,0.004515446869294852,0
2025-11-22T17:45:19.192308,0.0005418771337367,-0.0039987500452526,-9.821286393014518,0.0469185590930795,0.0283536804960754,-0.0507011634660962,19.192308,0.021665506232741157,0.0746718846813185,0.00046939416032094596,0.005575890361860128,0.004574381877197008,0
2025-11-22T17:45:19.201923,0.0007947190735237,-0.0045829390678174,-9.8210337387591,0.0475211890143323,0.0302634392621122,-0.0508123458741497,19.201923,0.021541891167935694,0.07586852874902524,0.00046405307509118584,0.005756033654541669,0.00463274686415387,0
2025-11-22T17:45:19.211538,0.0009159566673647,-0.0052754209815725,-9.820656175186592,0.0477631911775368,0.0320481959687113,-0.0509125018389117,19.211538,0.021338852276738148,0.07681466096916682,0.00045534661648845287,0.005900492139808041,0.004690359503842478,0
2025-11-22T17:45:19.221154,0.0009112772687048,-0.0060628281840622,-9.82018518711719,0.0476374629747462,0.033702757098623,-0.0510003045725154,19.221154,0.02109573631817218,0.07749990181418576,0.00044503009080584875,0.006006234781208433,0.004747053874122407,0
2025-11-22T17:45:19.230769,0.0007898490653637,-0.0069263320799788,-9.819654241210598,0.0471425327376178,0.0352253001451092,-0.0510740611098258,19.230769,0.020853947712424666,0.07792175486653657,0.00043488713519254196,0.006071799881480616,0.004802688712631983,0
2025-11-22T17:45:19.240385,0.0005639854264829,-0.0078423969259506,-9.81909775815616,0.046282298982128,0.0366167942279343,-0.0511319772361639,19.240385,0.020652981278657306,0.07808533738597505,0.0004265456356965692,0.006097319914681552,0.004857151741326861,0
2025-11-22T17:45:19.25,0.0002487294482384,-0.0087836917336918,-9.81855016051782,0.0450658681839891,0.0378804010842034,-0.0511724596995625,19.25,0.020526167738956852,0.07800306335766659,0.00042132356204779305,0.006084477893180148,0.004910360539328217,0
2025-11-22T17:45:19.259615,-0.0001386326837078,-0.0097201117904664,-9.818045011373062,0.0435075051460366,0.0390208636305276,-0.0511943757372804,19.259615,0.02049688336538201,0.07769423987423055,0.00042012222769407376,0.006036394909634476,0.004962260763686119,0
2025-11-22T17:45:19.269231,-0.0005791195078184,-0.0106198716296994,-9.817614246760332,0.0416266708765495,0.0400438750344316,-0.0511971962490497,19.269231,0.02057616926858524,0.07718448393169094,0.0004233787417694716,0.005957444559801458,0.005012822560169255,0
2025-11-22T17:45:19.278846,-0.0010526466646158,-0.0114506387022225,-9.817287498229913,0.0394481025280815,0.0409554493766758,-0.0511809752525199,19.278846,0.020762533244731353,0.07650486163970587,0.00043108278673857463,0.005852993854510538,0.005062035802683802,0
2025-11-22T17:45:19.288462,-0.0015386421474159,-0.0121806773295842,-9.817091492631036,0.0370018777035456,0.0417613492687527,-0.0511461530255324,19.288462,0.0210441307784851,0.07569067456197014,0.0004428554402219839,0.005729078215646073,0.00510990444818003,0
2025-11-22T17:45:19.298077,-0.0020166638190078,-0.0127799664622866,-9.817049502461895,0.0343233924269518,0.0424666289329885,-0.0510932072936192,19.298077,0.02140280378675207,0.07477984803525219,0.0004580800099342088,0.00559202567217541,0.005156439936391475,0
2025-11-22T17:45:19.307692,-0.0024670030694564,-0.0132212478741438,-9.817180812704072,0.0314531805992992,0.0430753253396833,-0.0510222130781634,19.307692,0.021818978543154198,0.07381092365175497,0.0004760678246666233,0.005448052450325201,0.0052016533525539995,0
2025-11-22T17:45:19.317308,-0.002871259907305,-0.013480959746273,-9.81750017980639,0.0284365279791674,0.0435903071104446,-0.0509323971438345,19.317308,0.022276370943038692,0.07282073932823072,0.0004962367023918586,0.005302860076310128,0.005245546129340719,0
2025-11-22T17:45:19.326923,-0.0032128718904328,-0.0135400166323491,-9.81801728390821,0.0253228735283386,0.0440132894407879,-0.0508217736015947,19.326923,0.02276570042009783,0.07184198106359924,0.0005182771156176426,0.005161270243142551,0.005288099434632406,0
2025-11-22T17:45:19.336538,-0.0034775781217116,-0.013384408746606,-9.818736208036745,0.0221650143862842,0.0443450273184182,-0.0506869224827919,19.336538,0.02328693708251426,0.07090087038529215,0.0005422814386849777,0.005026933421391998,0.00532926300137589,0
2025-11-22T17:45:19.346154,-0.0036538045247378,-0.0130056070985861,-9.819655006765853,0.0190181275371415,0.0445856852067419,-0.05052293991962,19.346154,0.023849851036714644,0.07001528374930145,0.0005688153944734786,0.004902139958495196,0.005368944844300102,0
2025-11-22T17:45:19.355769,-0.0037329643717805,-0.0124007734682478,-9.820765436789804,0.0159386125773604,0.044735349990226,-0.0503235662657535,19.355769,0.024472792457811185,0.06919358518925645,0.0005989175706831,0.004787752231342889,0.005407003899631349,0
2025-11-22T17:45:19.365385,-0.0037096725168191,-0.0115727849696232,-9.82205290410996,0.0129827668201292,0.0447946252934636,-0.0500814908558855,19.365385,0.025179785579274104,0.06843439497676441,0.0006340216018182202,0.004683266415835798,0.005443247965719412,0
2025-11-22T17:45:19.375,-0.0035818712930451,-0.0105300890289123,-9.82349664651543,0.0102053259937466,0.0447652339934384,-0.0497888258481809,19.375,0.025996249236914914,0.06772740975754514,0.0006758049743877992,0.004587002032466421,0.005477439280359205,0
2025-11-22T17:45:19.384615,-0.003350863366668,-0.0092864028087099,-9.825070136421658,0.0076579301579776,0.0446505612990949,-0.0494377243148054,19.384615,0.026943965978085113,0.06705523919915128,0.000725977302628208,0.004496405104055395,0.005509309544389654,0
2025-11-22T17:45:19.394231,-0.0030212466779892,-0.0078602668725206,-9.82674167146869,0.0053875949196935,0.0444560815401884,-0.0490210940792436,19.394231,0.028036203732599897,0.06639606185349127,0.0007860287197358484,0.004408437029652638,0.0055385851952598035,0
2025-11-22T17:45:19.403846,-0.0026007523700382,-0.0062744665650332,-9.82847511857167,0.0034352765754095,0.0441896182626474,-0.0485333431087174,19.403846,0.029273968320619743,0.06572677445802848,0.0008569652212366484,0.004320008880656544,0.005565022412069955,0
2025-11-22T17:45:19.413462,-0.0020999961703749,-0.0045553466405728,-9.830230784194155,0.0018346193111671,0.0438613960499496,-0.0479710923423529,19.413462,0.03064411003643127,0.06502625309816021,0.0009390614799249077,0.00422841359198599,0.0055884499657988295,0
