loop,trig_cnt,accel_x_ms2,accel_y_ms2,accel_z_ms2,gyro_x_dps,gyro_y_dps,gyro_z_dps,time_s,person_id,exercise_label,repetition_index
4343,0,-0.0920337579537654,0.1642684783680641,-9.510527876845163,-0.1589325956759986,19.771193252455735,-6.272328923487928,43.43,athlete_01,deep-squat,15
4344,0,-0.0951740715060162,0.162478303520326,-9.562982320405322,-1.6860080044358523,19.180893253815295,-5.604482186951444,43.44,athlete_01,deep-squat,15
4345,0,-0.0873033343818282,0.1603797866527449,-9.59069327905662,-3.06419489075562,18.32406118452958,-4.986253387593067,43.45,athlete_01,deep-squat,15
4346,0,-0.0910963754124675,0.1556608480608724,-9.6064535379271,-3.7806697358965176,18.224715890943333,-4.402874063270603,43.46,athlete_01,deep-squat,15
4347,0,-0.0970569384809142,0.1561268069118356,-9.638849727103793,-4.717960580220677,18.03358106067732,-3.667975327953617,43.47,athlete_01,deep-squat,15
4348,0,-0.105202349967583,0.157738815929763,-9.660945851519935,-5.274029058783319,16.943585052628396,-2.904487436933418,43.48,athlete_01,deep-squat,15
4349,0,-0.1055675457429814,0.1530511868353008,-9.67506078172604,-5.672045217666345,16.356743781669326,-2.1319818032717683,43.49,athlete_01,deep-squat,15
4350,0,-0.1101269537051061,0.1447603985989302,-9.703207192356704,-6.093002225973812,15.448337380774522,-1.5429921846546124,43.5,athlete_01,deep-squat,15
4351,0,-0.1069051905696336,0.1393313137627779,-9.727149444488726,-7.507644329705066,15.305506096956378,-0.5647575505210295,43.51,athlete_01,deep-squat,15
4352,0,-0.1059764076988586,0.137951639518062,-9.76029486134133,-8.090603459010346,14.795779655535496,0.3392032869858405,43.52,athlete_01,deep-squat,15
4353,0,-0.108575818485044,0.1260892281438637,-9.805748039699903,-9.045958967685513,13.96201746852299,0.8141064099164164,43.53,athlete_01,deep-squat,15
4354,0,-0.1132073565277389,0.1237872915982777,-9.839869145849756,-10.201083718954592,12.772235052924932,1.101327350603364,43.54,athlete_01,deep-squat,15
4355,0,-0.1150606819518611,0.1210268281285704,-9.878754398033058,-11.181578423123106,11.573424023457264,1.7866739666135418,43.55,athlete_01,deep-squat,15
4356,0,-0.1180726399438372,0.1170664081921189,-9.916392906508989,-13.128948505908529,11.358178328053912,2.6853966976691233,43.56,athlete_01,deep-squat,15
4357,0,-0.1235153418278084,0.1207726538057044,-9.94086689024028,-14.052692271408183,10.96510171610612,3.1445881645155285,43.57,athlete_01,deep-squat,15
4358,0,-0.1206979707311496,0.1149342419937077,-9.96211743025756,-15.448958035499068,10.208549738581103,3.348475728174434,43.58,athlete_01,deep-squat,15
4359,0,-0.1258597013002817,0.1076826223223571,-9.996900870608409,-16.355164675529423,9.70964454711638,3.983537045051459,43.59,athlete_01,deep-squat,15
4360,0,-0.1323979877723594,0.10202351095439,-10.030167865720845,-17.128884214887513,9.199739183278238,4.704995718304658,43.6,athlete_01,deep-squat,15
4361,0,-0.143325774501157,0.0967442881380573,-10.085173052516277,-17.541146951693783,8.21168001475496,5.2615936756076245,43.61,athlete_01,deep-squat,15
4362,0,-0.1451268855309672,0.084756933835839,-10.114110199708284,-18.1181122895978,7.3902674380401745,5.581138197155242,43.62,athlete_01,deep-squat,15
4363,0,-0.1532747002479395,0.0921086764505591,-10.145708735783437,-19.231138269661912,6.78509468892472,6.190512225127601,43.63,athlete_01,deep-squat,15
4364,0,-0.1489609843057799,0.0906364003571719,-10.179064692413938,-20.33591534593393,6.5566289699708955,6.7600894341696005,43.64,athlete_01,deep-squat,15
4365,0,-0.1536367082941981,0.0839388774722209,-10.209062861649397,-21.794968754818573,5.987015616648426,7.660388635842241,43.65,athlete_01,deep-squat,15
4366,0,-0.1581676295876705,0.0739202575790712,-10.230742277160688,-22.610696844898232,5.098498338093021,8.222412494662736,43.66,athlete_01,deep-squat,15
4367,0,-0.1685098117452592,0.0631793549461054,-10.283420382583827,-23.686431199673837,3.639972364979303,8.756296005213102,43.67,athlete_01,deep-squat,15
4368,0,-0.1646705977377272,0.0586708899136009,-10.320691702857545,-24.182740005393526,2.3064723571577206,9.207044136458192,43.68,athlete_01,deep-squat,15
4369,0,-0.1649525423680663,0.0503825632307436,-10.356652673924902,-24.52275587439012,1.3714711806760165,9.891052800380772,43.69,athlete_01,deep-squat,15
4370,0,-0.1607971200502612,0.044128213502263,-10.366204761359322,-25.740786882954723,1.236018684956834,10.056137877838353,43.7,athlete_01,deep-squat,15
4371,0,-0.1658419159412354,0.0457016371088103,-10.409202845932835,-26.452116740393933,1.413401849818769,10.790864027918222,43.71,athlete_01,deep-squat,15
4372,0,-0.1607686636366243,0.0381589903412061,-10.457594519367548,-28.5382121323092,1.037242475682576,11.19492953722324,43.72,athlete_01,deep-squat,15
4373,0,-0.1586796229695852,0.0323883903294722,-10.475305188677403,-28.838185407896447,-0.2728921055677151,11.5195837009501,43.73,athlete_01,deep-squat,15
4374,0,-0.1531909592473279,0.0317576640625072,-10.502661656956596,-29.757120082659224,-0.744286150882223,11.66728193124687,43.74,athlete_01,deep-squat,15
4375,0,-0.1594301234685639,0.0220381557732282,-10.565103007656266,-29.974968129630888,-1.9027655483757355,12.047614340616253,43.75,athlete_01,deep-squat,15
4376,0,-0.1570036631328633,0.0158900448576931,-10.602201579186453,-30.743822028760594,-2.5501168401007637,12.240998644000449,43.76,athlete_01,deep-squat,15
4377,0,-0.1648510360856302,0.0074680481463329,-10.623319516804292,-31.800554876163876,-3.5573517391698313,12.370216569240222,43.77,athlete_01,deep-squat,15
4378,0,-0.1668086670632476,0.0094765954293813,-10.681255150457767,-33.04696699694874,-4.201416904688401,12.666301713691148,43.78,athlete_01,deep-squat,15
4379,0,-0.1703183457540117,-0.0070055862513759,-10.723421222876322,-33.791473188629546,-4.702108656064167,12.68607372698574,43.79,athlete_01,deep-squat,15
4380,0,-0.1655997516193899,-0.0135878867558699,-10.776948233477572,-34.995022752638285,-5.897414219973066,13.0891830793364,43.8,athlete_01,deep-squat,15
4381,0,-0.166943312593261,-0.0205401760047433,-10.814922895748078,-35.33430166863745,-6.55597761304969,13.551055242648056,43.81,athlete_01,deep-squat,15
4382,0,-0.1610569318486179,-0.034943331652082,-10.86687890047813,-35.81960416767296,-7.115013501080998,13.871828143712698,43.82,athlete_01,deep-squat,15
4383,0,-0.1644092475873908,-0.0383491006330375,-10.919189664997266,-36.652607629321025,-7.605354888331358,13.889650303491765,43.83,athlete_01,deep-squat,15
4384,0,-0.1683825585134698,-0.0373643998719305,-10.944410282173015,-36.77889973671025,-8.167231427542761,14.256261217352508,43.84,athlete_01,deep-squat,15
4385,0,-0.172940768136599,-0.0400383983829662,-10.977686980244126,-37.663963749197656,-8.713089569526526,14.681056050402846,43.85,athlete_01,deep-squat,15
4386,0,-0.1751446921096868,-0.0443537641472605,-11.022126049435572,-38.47889219420806,-9.80990094836581,14.991118994750112,43.86,athlete_01,deep-squat,15
4387,0,-0.181916061571863,-0.0541063990239832,-11.059685274248013,-40.02708840464773,-10.554468350309962,14.836410962230469,43.87,athlete_01,deep-squat,15
4388,0,-0.1890887197898794,-0.070748033198852,-11.113216097484068,-40.287183045316645,-11.156058638468815,14.95670432712322,43.88,athlete_01,deep-squat,15
4389,0,-0.1923378135022257,-0.0760412303076145,-11.152740361188243,-40.79827948967465,-11.649635632397196,15.16775735313009,43.89,athlete_01,deep-squat,15
4390,0,-0.1943320734452262,-0.0902600598540557,-11.195146635739889,-41.48818919672311,-12.63899412099492,14.911005746581113,43.9,athlete_01,deep-squat,15
4391,0,-0.1969110052159265,-0.097185533313513,-11.21848659673168,-42.107648810005685,-13.158622260514925,14.932569724961306,43.91,athlete_01,deep-squat,15
4392,0,-0.1863109676169,-0.0993883181366377,-11.241166769111503,-42.53049590217724,-13.633575830847748,14.783254648844055,43.92,athlete_01,deep-squat,15
4393,0,-0.1898702983606535,-0.1106650494359398,-11.308892452927646,-43.127066573884086,-14.144394302925027,14.908847031072652,43.93,athlete_01,deep-squat,15
4394,0,-0.1934536948173083,-0.1212899359212983,-11.351479910923818,-44.133868843019435,-14.802161615616765,14.83166094445676,43.94,athlete_01,deep-squat,15
4395,0,-0.1890685020635208,-0.1344261456771821,-11.394935754326074,-44.703869991864615,-15.998946236237384,15.022901716421629,43.95,athlete_01,deep-squat,15
4396,0,-0.1877492642817256,-0.1437550799461829,-11.41608855243017,-44.879756346081,-16.62116288703369,14.669474325568126,43.96,athlete_01,deep-squat,15
4397,0,-0.1948422679850228,-0.1547457166899717,-11.460230814821909,-44.95601886448078,-17.57348250570415,14.60536053470967,43.97,athlete_01,deep-squat,15
4398,0,-0.1929675171737122,-0.1569245519532683,-11.511919572921949,-45.53717202767691,-18.37975020476924,14.471330583893891,43.98,athlete_01,deep-squat,15
4399,0,-0.1910699963558024,-0.1589219821653433,-11.563369570683532,-45.85186408153497,-18.89758157016973,14.201812549266675,43.99,athlete_01,deep-squat,15
4400,0,-0.1987341718159328,-0.1803075675386118,-11.61184091597404,-46.54161969424295,-19.293010529528225,13.493102894729816,44.0,athlete_01,deep-squat,15
4401,0,-0.2015229723127352,-0.1828827953343649,-11.656116485388765,-46.3874684978355,-20.309830741279796,13.35394221171549,44.01,athlete_01,deep-squat,15
4402,0,-0.199844080050158,-0.1961354595664691,-11.702886480809164,-46.462977471588445,-20.2685692872763,13.324901011464698,44.02,athlete_01,deep-squat,15
4403,0,-0.1979043506012124,-0.1946352656256279,-11.734583919375696,-46.934274611227494,-20.80878619042901,13.2085229320686,44.03,athlete_01,deep-squat,15
4404,0,-0.204558663663887,-0.2004168010789273,-11.769425572761882,-47.162828948657726,-21.16556805451225,12.615657926009678,44.04,athlete_01,deep-squat,15
4405,0,-0.2005810709238062,-0.2045508652003462,-11.813821948121875,-48.60345974663378,-21.563211524204693,11.99477661007813,44.05,athlete_01,deep-squat,15
4406,0,-0.2008939798746644,-0.2102330485731796,-11.843098820584869,-48.523100721486074,-22.317317171712467,11.675664713810004,44.06,athlete_01,deep-squat,15
4407,0,-0.2083372704001136,-0.2172653833083658,-11.89074798834266,-48.59268293508598,-22.706235263782787,11.15259203824607,44.07,athlete_01,deep-squat,15
4408,0,-0.2109890675405265,-0.2257840958390989,-11.93482344956098,-48.922731808066104,-23.36346924916588,10.643466600720467,44.08,athlete_01,deep-squat,15
4409,0,-0.2032725232735464,-0.229751466611113,-11.986736291597806,-49.79521613427453,-23.95531056886789,10.212050404181532,44.09,athlete_01,deep-squat,15
4410,0,-0.204481549618248,-0.2360263681269128,-12.00918704198742,-49.446886777881,-24.8279936088112,9.979540861303024,44.1,athlete_01,deep-squat,15
4411,0,-0.2164890235127768,-0.2426539025908978,-12.044759463994964,-49.68025999098505,-25.663918483331727,9.371759179522266,44.11,athlete_01,deep-squat,15
4412,0,-0.2226760578961459,-0.24397495609492,-12.071467065152628,-49.353224930096246,-25.91029600169988,8.941979908483864,44.12,athlete_01,deep-squat,15
4413,0,-0.2143601994751326,-0.2610663627927926,-12.09683412874642,-49.03751521973191,-26.484139479366448,8.683676209677873,44.13,athlete_01,deep-squat,15
4414,0,-0.2156414985077145,-0.268418241919478,-12.152502397401983,-49.054396193048674,-27.27154867752878,8.256283439693862,44.14,athlete_01,deep-squat,15
4415,0,-0.2156578742842735,-0.2805030048548467,-12.185556266594372,-49.268154900763854,-27.349543803450302,8.282160561866053,44.15,athlete_01,deep-squat,15
4416,0,-0.2221511766452395,-0.2919889861170833,-12.231530253764529,-49.65831902385586,-27.206189839497647,7.5208755272429695,44.16,athlete_01,deep-squat,15
4417,0,-0.214223757824765,-0.2979632685111495,-12.26991083035098,-50.14478397325227,-27.53822362745649,7.020011073295441,44.17,athlete_01,deep-squat,15
4418,0,-0.2161592230008564,-0.2989211066166276,-12.309469821212677,-50.16487578306209,-28.65004922043329,6.5625915533430135,44.18,athlete_01,deep-squat,15
4419,0,-0.2200058394760104,-0.3121144102430029,-12.323033970820749,-50.74341439686731,-29.029526452981713,5.773205105064764,44.19,athlete_01,deep-squat,15
4420,0,-0.2206570697275452,-0.3195002241521254,-12.36178897865913,-50.660615876366855,-29.240005233450088,5.131648404230387,44.2,athlete_01,deep-squat,15
4421,0,-0.2061661213350627,-0.3305685200201155,-12.41023895032722,-50.51985040660023,-29.40888595797581,4.0893545096235675,44.21,athlete_01,deep-squat,15
4422,0,-0.2093704153543172,-0.3425241255727682,-12.434465260299788,-50.111923063030225,-30.015181464200083,3.800808972095141,44.22,athlete_01,deep-squat,15
4423,0,-0.2101185651707687,-0.344772667798973,-12.444380096422496,-49.67536798189406,-30.630385316845636,3.099336434865672,44.23,athlete_01,deep-squat,15
4424,0,-0.2192628469801699,-0.3463330737125351,-12.476765155454542,-49.316012864660806,-31.012880384736853,2.5924212256147943,44.24,athlete_01,deep-squat,15
4425,0,-0.2222934119843783,-0.3418428442599416,-12.492199847934437,-50.16803603051381,-31.07001735977792,1.962976091139074,44.25,athlete_01,deep-squat,15
4426,0,-0.2303799021996154,-0.3532595373187032,-12.542504695851203,-50.061921868459606,-31.075186408116544,1.5694362429281272,44.26,athlete_01,deep-squat,15
4427,0,-0.2229237307750864,-0.3616768527693417,-12.560038420625895,-50.201518887518304,-31.495643502240945,0.996947683124894,44.27,athlete_01,deep-squat,15
4428,0,-0.2249213572957377,-0.3701497931423277,-12.55334758649782,-49.73094457107639,-32.114119561069344,0.6093791037840322,44.28,athlete_01,deep-squat,15
4429,0,-0.2251481371868172,-0.3681991356484853,-12.586132471108922,-49.995802148082554,-32.55458977221829,-0.1335101289171694,44.29,athlete_01,deep-squat,15
4430,0,-0.2223683469951725,-0.3784477254541488,-12.635339419280507,-49.19310007027241,-32.026789726094535,-0.6381694594296962,44.3,athlete_01,deep-squat,15
4431,0,-0.2188785066932011,-0.3855243630196414,-12.655186088809856,-47.89188767963795,-32.432020472460565,-1.2563357103306303,44.31,athlete_01,deep-squat,15
4432,0,-0.2078463728093452,-0.389496451064689,-12.68859288023547,-47.71312363309342,-32.60276459090715,-2.2376499047233023,44.32,athlete_01,deep-squat,15
4433,0,-0.2089038728438318,-0.39081211419317,-12.706499968315052,-46.85612174250976,-32.850116002687614,-2.761166122629404,44.33,athlete_01,deep-squat,15
4434,0,-0.204454092081143,-0.3916889487906718,-12.717118897762354,-46.51724814919312,-33.31698137255227,-3.8208192706362984,44.34,athlete_01,deep-squat,15
4435,0,-0.2091888374393139,-0.3963938462505136,-12.740004109276477,-45.80470984980339,-33.570962610514435,-4.330553991184322,44.35,athlete_01,deep-squat,15
4436,0,-0.2137574989010441,-0.4022761250496035,-12.756462216769847,-45.69336181209559,-34.28914965048451,-4.8554031715001456,44.36,athlete_01,deep-squat,15
4437,0,-0.21549365225023,-0.4009909235214614,-12.779958621343695,-45.15906609355893,-34.74664549572367,-5.715908014294687,44.37,athlete_01,deep-squat,15
4438,0,-0.2132528129681979,-0.4023748440716908,-12.78135504510733,-45.4371359993536,-34.84886026960268,-6.119659405664685,44.38,athlete_01,deep-squat,15
4439,0,-0.209575440408698,-0.4095764802087514,-12.792011010066544,-45.159039296938474,-35.46115747198627,-6.717649239745792,44.39,athlete_01,deep-squat,15
4440,0,-0.2024717497262258,-0.4036463119224938,-12.78415056709052,-44.42093355310676,-35.386065421245625,-7.262754874483852,44.4,athlete_01,deep-squat,15
4441,0,-0.1971905573719721,-0.4002191129974856,-12.815579284711532,-43.80209961238335,-35.418618937969,-7.943729725808446,44.41,athlete_01,deep-squat,15
4442,0,-0.1997220401262131,-0.4056028937175567,-12.815993024703252,-43.537025883789674,-35.058209349823,-7.998251572344807,44.42,athlete_01,deep-squat,15
4443,0,-0.1969580509143652,-0.4139692047798458,-12.828552368154597,-43.440273237687535,-34.866801167451904,-8.743110474935078,44.43,athlete_01,deep-squat,15
4444,0,-0.1904896283864604,-0.4092671392945458,-12.8267421388474,-43.341979305062935,-34.63522376528018,-9.301548035752983,44.44,athlete_01,deep-squat,15
4445,0,-0.1964781006748092,-0.4058253991468553,-12.805711763579447,-42.8752800063987,-33.99446822643008,-9.573877713313246,44.45,athlete_01,deep-squat,15
4446,0,-0.1971957263930481,-0.4093023910453338,-12.788460972727291,-42.13264634915021,-33.86605428160782,-10.147469771721482,44.46,athlete_01,deep-squat,15
4447,0,-0.1998885323675172,-0.415615320724233,-12.78751885472878,-41.47525659098848,-33.63742131996952,-10.179340935344888,44.47,athlete_01,deep-squat,15
4448,0,-0.1922127557655246,-0.4103571804194712,-12.798642461128743,-40.89687040627243,-33.93917576606833,-10.695838186788244,44.48,athlete_01,deep-squat,15
4449,0,-0.1886214574812368,-0.4174148237015517,-12.78507059419376,-40.173774800316934,-34.40830506440613,-11.475980354352968,44.49,athlete_01,deep-squat,15
4450,0,-0.189137472662818,-0.4118962298399165,-12.777430183280853,-39.5163662878371,-34.48423799023096,-11.6566405946694,44.5,athlete_01,deep-squat,15
4451,0,-0.1820978416056931,-0.4157459524240507,-12.770483136548114,-38.82558981248325,-34.661458762260075,-11.924095283712788,44.51,athlete_01,deep-squat,15
4452,0,-0.1800161691677944,-0.4176330815206078,-12.764503565571127,-38.49140698328063,-34.16265420822587,-12.446395805036657,44.52,athlete_01,deep-squat,15
4453,0,-0.1711122033764074,-0.4161406277855161,-12.73822315260407,-37.65806139465904,-34.9186071264375,-12.93544334193004,44.53,athlete_01,deep-squat,15
4454,0,-0.1690581750925451,-0.4135084576768999,-12.73366357769704,-37.251752232290286,-34.56633308867066,-13.102376202264866,44.54,athlete_01,deep-squat,15
4455,0,-0.1640192850761413,-0.425361283526996,-12.72340716752982,-36.75250220228437,-34.608953862699174,-12.981151192047903,44.55,athlete_01,deep-squat,15
4456,0,-0.1674140685591258,-0.4196977110632587,-12.698882964082056,-35.91174937323477,-34.216248856923286,-13.4065293307731,44.56,athlete_01,deep-squat,15
4457,0,-0.1601696620652732,-0.4176256321214164,-12.685203401161823,-34.57947883474069,-34.262587982408725,-13.726125093001754,44.57,athlete_01,deep-squat,15
4458,0,-0.1575783625470709,-0.4185303125995921,-12.656542017550835,-33.67873779103387,-33.87356586360235,-13.980052848974404,44.58,athlete_01,deep-squat,15
4459,0,-0.160801245366294,-0.4156041774534067,-12.647208741230974,-33.35751473716526,-33.57924437987308,-14.141611820767068,44.59,athlete_01,deep-squat,15
4460,0,-0.1627110148691348,-0.4193898452249868,-12.609198943594704,-32.84167114646007,-33.85936102517084,-14.570269674300343,44.6,athlete_01,deep-squat,15
4461,0,-0.1590173381525519,-0.4134349667849295,-12.57612084810501,-31.818962554633863,-33.99837972734267,-14.776643072159835,44.61,athlete_01,deep-squat,15
4462,0,-0.1466324197311428,-0.4111627358148124,-12.532918223908457,-30.8309575633251,-33.98788996155134,-14.585960733897004,44.62,athlete_01,deep-squat,15
4463,0,-0.1498830195180393,-0.3987191533095827,-12.48078504917095,-30.226862932337863,-34.00337370711603,-14.221273982691049,44.63,athlete_01,deep-squat,15
4464,0,-0.1353763053517436,-0.3948035983943,-12.42417031043468,-28.53283341824113,-33.56914927993671,-14.27463060290989,44.64,athlete_01,deep-squat,15
4465,0,-0.1295346300390528,-0.3840021328094183,-12.380544683486312,-27.76944877835765,-32.94362036791213,-14.807209313256523,44.65,athlete_01,deep-squat,15
4466,0,-0.1218550051723963,-0.3815202089648414,-12.32774538545842,-27.073369418407182,-32.50590889410115,-14.729511098609567,44.66,athlete_01,deep-squat,15
4467,0,-0.1122150213937966,-0.3814580041321478,-12.288120363212212,-27.09541063345805,-32.14618062952936,-14.817732513780305,44.67,athlete_01,deep-squat,15
4468,0,-0.1109324742747836,-0.3634526911764182,-12.253280076614686,-26.513260721660817,-31.939039785349394,-14.62454737987093,44.68,athlete_01,deep-squat,15
4469,0,-0.1049482804745479,-0.362950027661673,-12.214956794782363,-25.322260727108485,-31.30346795853838,-14.693451469793018,44.69,athlete_01,deep-squat,15
4470,0,-0.0995699040082879,-0.3657995831543896,-12.172711368456312,-24.01901619305192,-31.157772631062755,-14.284412255969311,44.7,athlete_01,deep-squat,15
4471,0,-0.096192048386181,-0.3660745986114962,-12.119778990865068,-22.7932009870496,-30.543887395289367,-14.46544736153169,44.71,athlete_01,deep-squat,15
4472,0,-0.085283377591312,-0.3581607051786857,-12.06805920177789,-21.993862721928966,-30.20464191193833,-14.422697388978298,44.72,athlete_01,deep-squat,15
4473,0,-0.0790360049007632,-0.3451869010752749,-11.996160542025502,-21.44731032203554,-30.04933075784027,-14.226379439988328,44.73,athlete_01,deep-squat,15
4474,0,-0.069783054832125,-0.344989224400019,-11.957301660752472,-20.19449022499079,-29.23341631962862,-13.46071514522167,44.74,athlete_01,deep-squat,15
4475,0,-0.0607531332166629,-0.3282721381657016,-11.894379011911028,-18.971772236742353,-28.924801495483297,-13.447606407648689,44.75,athlete_01,deep-squat,15
4476,0,-0.0545631926793058,-0.3131345236227166,-11.85051941930498,-18.265166360484464,-28.700632398252996,-13.180205027812011,44.76,athlete_01,deep-squat,15
4477,0,-0.0465444501663526,-0.2885727030642672,-11.808208820117464,-16.908758934342135,-28.34336797596383,-12.996187137430669,44.77,athlete_01,deep-squat,15
4478,0,-0.0479681673746594,-0.2786559632418569,-11.744947389092813,-16.391661680419773,-27.8595190298085,-12.373104292985174,44.78,athlete_01,deep-squat,15
4479,0,-0.0483750027571234,-0.2732398915710328,-11.68283855598274,-15.170193613520004,-27.555321335267426,-12.227020178512037,44.79,athlete_01,deep-squat,15
4480,0,-0.0339036730667401,-0.269132914390129,-11.61534109409902,-14.457185455685178,-26.802520256623097,-11.537995062513303,44.8,athlete_01,deep-squat,15
4481,0,-0.0300587548379432,-0.2561968313145419,-11.530941679750992,-13.532467780237834,-26.22908407071159,-11.628625226898212,44.81,athlete_01,deep-squat,15
4482,0,-0.0206067298813608,-0.2557983632482601,-11.458518892301525,-12.777114420300853,-25.42472486672346,-11.28294245088491,44.82,athlete_01,deep-squat,15
4483,0,-0.0096706436466546,-0.2507642093963457,-11.400736635585908,-11.79520972333746,-25.42571818134828,-10.894942428774076,44.83,athlete_01,deep-squat,15
4484,0,-0.0032159447407838,-0.2414208468110365,-11.313120576847847,-10.980354555931775,-24.958490834851965,-10.452360866654203,44.84,athlete_01,deep-squat,15
4485,0,0.0054321761704416,-0.2469022265121343,-11.22832206058902,-9.86835966660037,-24.71766916935364,-9.920054330232574,44.85,athlete_01,deep-squat,15
4486,0,0.0039877503105692,-0.2421038157704586,-11.153733323651558,-9.096063870277506,-23.792790437787204,-9.763645325367431,44.86,athlete_01,deep-squat,15
4487,0,0.0040528335654534,-0.2325955977999698,-11.11078828945922,-7.19252438118712,-23.50134371896604,-9.8944991953599,44.87,athlete_01,deep-squat,15
4488,0,0.0065001021509366,-0.2256544284040324,-11.021139848950106,-5.609639395705824,-22.842049303496665,-9.398202248065722,44.88,athlete_01,deep-squat,15
4489,0,0.012643848377812,-0.211890845398792,-10.94800988978493,-4.652872766970835,-22.315341860936098,-8.713066098353377,44.89,athlete_01,deep-squat,15
4490,0,0.0094276087377331,-0.1942147521863297,-10.857177733449522,-3.700016308488863,-21.943387500705537,-8.076720607540896,44.9,athlete_01,deep-squat,15
4491,0,0.0191625905316787,-0.1831022363884348,-10.785609323680218,-3.0821737965494425,-21.550320648830297,-7.642566247932248,44.91,athlete_01,deep-squat,15
4492,0,0.0213015333976836,-0.1758750018938736,-10.7092880761494,-2.4270795979520323,-20.49861931588657,-7.295037706067109,44.92,athlete_01,deep-squat,15
4493,0,0.0382025125371663,-0.1651018876591138,-10.636378473430758,-0.9279781410964744,-20.10188967341347,-6.592688131480135,44.93,athlete_01,deep-squat,15
4494,0,0.0500185104600834,-0.1617904938535589,-10.573062142122636,-0.2837576170057631,-19.687264121711493,-5.893912360688084,44.94,athlete_01,deep-squat,15
4495,0,0.0609127042252994,-0.1506957300465262,-10.500445607788762,0.7017408742238965,-19.07001738502379,-5.146133629177604,44.95,athlete_01,deep-squat,15
4496,0,0.0592601723455574,-0.1505461447588738,-10.409188953237445,2.1280062633126833,-18.19746631569044,-4.502181927784135,44.96,athlete_01,deep-squat,15
4497,0,0.067022319195746,-0.1342146768650316,-10.325385303164632,2.864269937304393,-17.820973584414542,-4.008279680664786,44.97,athlete_01,deep-squat,15
4498,0,0.0833876223036377,-0.1289017073180324,-10.236839630351655,3.830785479066951,-17.587210621426642,-3.2873907463449648,44.98,athlete_01,deep-squat,15
4499,0,0.0870911871028582,-0.1151220408024037,-10.149265885993458,4.596831089455688,-17.11731720356871,-2.9256754734527135,44.99,athlete_01,deep-squat,15
4500,0,0.0990246399199903,-0.1046627994008795,-10.079077278052106,6.031752689158703,-16.34847159178806,-2.6765358982539533,45.0,athlete_01,deep-squat,15
4501,0,0.1013543386438038,-0.0879950605537403,-9.963995781307228,6.893261687599615,-15.49143194003742,-1.786550741025744,45.01,athlete_01,deep-squat,15
4502,0,0.1082166343495247,-0.0852446927202903,-9.887584538861288,7.874019840324182,-14.843913908668842,-1.2414283768787346,45.02,athlete_01,deep-squat,15
4503,0,0.1283890874608528,-0.0761378812442754,-9.819820293209023,9.562442799702351,-13.879259703270527,-0.704391493200659,45.03,athlete_01,deep-squat,15
4504,0,0.1358359381254007,-0.0616323954194398,-9.74085962215668,11.254149697872206,-12.84219607017138,-0.1236828909341157,45.04,athlete_01,deep-squat,15
4505,0,0.1461163697611247,-0.048655796679531,-9.65925513863111,11.85933269395744,-11.70054577026115,0.7866500982463045,45.05,athlete_01,deep-squat,15
4506,0,0.1489261599733768,-0.0446908421739509,-9.570884016924296,12.439669756556995,-11.03547285132019,1.7306033807701595,45.06,athlete_01,deep-squat,15
4507,0,0.1454487953559445,-0.0314253555080273,-9.510270097603035,13.56643735137595,-11.15753478806712,2.341099738512899,45.07,athlete_01,deep-squat,15
4508,0,0.1446649756413647,-0.0157873422387722,-9.411020686743877,14.68636370343107,-10.366196859560045,3.3313823969693748,45.08,athlete_01,deep-squat,15
4509,0,0.156420620435528,-0.0111550486022172,-9.356185576620971,15.63235050108239,-9.327747374373487,3.9539585514058464,45.09,athlete_01,deep-squat,15
4510,0,0.1642567679058916,0.0027282112776846,-9.271039232156028,16.943526660210456,-8.4908779887823,4.294792343693445,45.1,athlete_01,deep-squat,15
4511,0,0.1771355531972434,0.004313588277214,-9.201249049853772,18.022689139723585,-7.981454697780751,4.780556061793516,45.11,athlete_01,deep-squat,15
4512,0,0.1790681986043387,0.0118454235895984,-9.116914669647713,19.562251333443015,-7.271248031406278,5.329547136127697,45.12,athlete_01,deep-squat,15
4513,0,0.1858554638192915,0.0325703883283737,-9.034711336423925,20.733918279034537,-6.716564026068948,6.070168614653096,45.13,athlete_01,deep-squat,15
4514,0,0.1873028444289021,0.0402535946625183,-8.942078733365225,21.38941837872874,-6.142694245469445,6.7977802456174246,45.14,athlete_01,deep-squat,15
4515,0,0.1961879214492353,0.0426791661521254,-8.86543250912936,22.273375880906116,-5.260364095651326,7.159000432921027,45.15,athlete_01,deep-squat,15
4516,0,0.1910654220398332,0.0563653915411951,-8.817010868661516,23.615470415250265,-4.613945212196282,8.045608588638741,45.16,athlete_01,deep-squat,15
4517,0,0.1985179300942256,0.0670523511219599,-8.756254267621049,24.129280787832613,-4.244940016962124,8.323249985536298,45.17,athlete_01,deep-squat,15
4518,0,0.2009496368842739,0.0799537074275406,-8.658627058437277,25.659681914750912,-3.4668350463490127,8.85477221054219,45.18,athlete_01,deep-squat,15
4519,0,0.2075692182114911,0.084851103651989,-8.606341165690965,26.35802498091636,-2.997794004969714,9.62240355168792,45.19,athlete_01,deep-squat,15
4520,0,0.2191899767433971,0.0924719841047174,-8.532656278990597,26.963639407626463,-2.288613059706014,9.844850230345484,45.2,athlete_01,deep-squat,15
4521,0,0.2261106889265854,0.0957131257423132,-8.477752895978107,27.87259248713914,-1.4409823493602998,10.371208760797982,45.21,athlete_01,deep-squat,15
4522,0,0.2335595473214177,0.1064197515565568,-8.41608978341548,28.814563414197178,-0.4562357570814771,10.384204207713651,45.22,athlete_01,deep-squat,15
4523,0,0.2334377363534613,0.1145740528461171,-8.37900966923732,29.66287867114133,0.3736384275215244,10.849210141480112,45.23,athlete_01,deep-squat,15
4524,0,0.2253246753251713,0.1256892448818737,-8.349235171107816,30.708257103086243,1.1112140083011,11.27441641015013,45.24,athlete_01,deep-squat,15
4525,0,0.2274655103784681,0.1279724218837985,-8.31666955991689,31.23254375500395,1.6631388056711802,11.948895709597103,45.25,athlete_01,deep-squat,15
4526,0,0.2366105224580354,0.1409024481400838,-8.26600865829436,32.01409263849355,2.453385774129492,12.214716415042814,45.26,athlete_01,deep-squat,15
4527,0,0.2375666264551108,0.1497015592956218,-8.19487989272566,32.35243208689105,3.344838342915327,12.368148979310538,45.27,athlete_01,deep-squat,15
4528,0,0.2464579710714672,0.1548815565703833,-8.136172245396054,33.26640233702976,4.229082722322492,12.459944806607997,45.28,athlete_01,deep-squat,15
4529,0,0.2433985236392724,0.1653973117276233,-8.081724035368337,34.12874572936004,4.0982556153384495,12.636922501337096,45.29,athlete_01,deep-squat,15
4530,0,0.2498390781780409,0.170745664470725,-8.052409873925244,35.21403785861306,4.770655306945486,12.744134287019316,45.3,athlete_01,deep-squat,15
4531,0,0.2625284559754944,0.1812676093214228,-7.989277281880979,35.77475665079489,6.255450406988997,12.959865672479374,45.31,athlete_01,deep-squat,15
4532,0,0.2688423263612642,0.1840794937800677,-7.934342581681229,37.27842499738556,7.039907026684866,13.27327789887476,45.32,athlete_01,deep-squat,15
4533,0,0.267761231577079,0.1890448333299932,-7.905834390596108,37.578316308599575,7.69321288044956,13.185814534761484,45.33,athlete_01,deep-squat,15
4534,0,0.2747820478171277,0.1939061018157856,-7.849351290769895,38.002328207429315,8.74187973352582,13.33031398007771,45.34,athlete_01,deep-squat,15
4535,0,0.2767322652163139,0.1974044408863054,-7.83070690933263,38.11687529522158,9.511553215509842,13.811195758482173,45.35,athlete_01,deep-squat,15
4536,0,0.2763133735586723,0.2069632776325463,-7.805257616153397,39.197945777689576,9.872540807332308,13.95623996172896,45.36,athlete_01,deep-squat,15
4537,0,0.2847536776507958,0.2169574766099726,-7.762715562515389,39.68743318641192,10.722171502196195,14.539240774958492,45.37,athlete_01,deep-squat,15
4538,0,0.2879681181393709,0.2181724905405289,-7.744392887138381,40.20162777865807,11.08937021026807,14.348573329291655,45.38,athlete_01,deep-squat,15
4539,0,0.279534629162763,0.2361848569578901,-7.726952972484695,40.7988721431492,12.15973453528541,14.4979689547237,45.39,athlete_01,deep-squat,15
4540,0,0.2796817380066039,0.2388898236382947,-7.694117752227829,41.26750267797464,12.664947425182556,14.534755330173764,45.4,athlete_01,deep-squat,15
4541,0,0.2904484598749959,0.2339389906978569,-7.685650882713713,41.61083602233513,13.269884735630349,14.624551120862105,45.41,athlete_01,deep-squat,15
4542,0,0.2908815216277388,0.2335400064153952,-7.6659571376135744,42.21622548629635,14.101742977402996,14.548272474002223,45.42,athlete_01,deep-squat,15
4543,0,0.3013470831213121,0.234778321300052,-7.659130347581405,42.397180930741925,15.125182098494202,14.307015332506214,45.43,athlete_01,deep-squat,15
4544,0,0.3035232011570901,0.2431983180209692,-7.645047403446654,43.178080253743545,15.594556111960172,14.236439584177736,45.44,athlete_01,deep-squat,15
4545,0,0.3061401124959008,0.2460530633601181,-7.631785129405567,43.7060763205843,16.440764629844587,14.18974224552294,45.45,athlete_01,deep-squat,15
4546,0,0.2956167866196006,0.2505298728399815,-7.593453467950376,44.01290714667952,17.146226171066406,14.061358417346575,45.46,athlete_01,deep-squat,15
4547,0,0.2932245919930543,0.2598148858035417,-7.58599644410737,44.66304785411802,17.695406074484765,13.874731602362916,45.47,athlete_01,deep-squat,15
4548,0,0.3007896553712221,0.2674611584002178,-7.598920727677584,45.2969516258106,18.25511169054724,13.76549641154982,45.48,athlete_01,deep-squat,15
4549,0,0.3057453940026705,0.2678505447507633,-7.606054021273544,45.64579310013049,19.07779325345459,13.736848651717253,45.49,athlete_01,deep-squat,15
4550,0,0.3036929935487882,0.2679938488583247,-7.617702318465604,46.340870361247866,19.50364901383285,13.340071356573906,45.5,athlete_01,deep-squat,15
4551,0,0.2977756116349617,0.2784373388604905,-7.600468128969559,47.15054752896941,20.316706772805546,13.197619223297744,45.51,athlete_01,deep-squat,15
4552,0,0.2918671661376677,0.279953597822805,-7.595419687690244,47.64017317222535,21.08916119808173,13.186888130206144,45.52,athlete_01,deep-squat,15
4553,0,0.2900318841155989,0.2742249266595621,-7.594372691710732,47.98606909186874,21.55509778392228,12.783037256487155,45.53,athlete_01,deep-squat,15
4554,0,0.2890536896595871,0.2861216269251095,-7.57460440641747,47.410978908412794,22.253551803915016,12.583766982458558,45.54,athlete_01,deep-squat,15
4555,0,0.2837146598165835,0.2879930560577814,-7.5671423770826545,47.64600349761297,22.562877076594916,12.164384835298934,45.55,athlete_01,deep-squat,15
4556,0,0.279228832338832,0.290899261324199,-7.55662568155724,48.514715096934445,23.158527097237823,11.82796801088742,45.56,athlete_01,deep-squat,15
4557,0,0.2826810977856073,0.2890658690048912,-7.552177858980782,48.71057585235192,23.792165696349873,11.454541978541366,45.57,athlete_01,deep-squat,15
4558,0,0.2881193871891711,0.2899752739988332,-7.550268303590243,48.711296406120226,24.016010347068622,10.908752348903434,45.58,athlete_01,deep-squat,15
4559,0,0.2876031700830273,0.2939423631232523,-7.572864397904932,48.95907768696339,23.848851891061827,10.38121464975045,45.59,athlete_01,deep-squat,15
4560,0,0.2851688097154234,0.2954048284100659,-7.599766846499136,48.98294571311679,24.571779607766448,10.064696992988994,45.6,athlete_01,deep-squat,15
4561,0,0.2886330334316684,0.3036439766416215,-7.602959014301501,49.346631663922835,24.905747424061317,9.96257246591021,45.61,athlete_01,deep-squat,15
4562,0,0.2783002550634618,0.3092297933124979,-7.599851506032908,49.40775341708285,25.54887890739343,9.62121011396168,45.62,athlete_01,deep-squat,15
