Timestamp,Acceleration_X,Acceleration_Y,Acceleration_Z,Gyro_X,Gyro_Y,Gyro_Z
2026-03-04T20:07:58.142532,0.066999,-3.345165,9.059226,0.202807,0.570548,-0.357966
2026-03-04T20:07:58.152532,-0.062213,-3.440878,9.001798,0.197920,0.570548,-0.384845
2026-03-04T20:07:58.161532,-0.157926,-3.431307,8.815158,0.200363,0.544891,-0.403170
2026-03-04T20:07:58.171532,-0.215354,-3.455235,8.690731,0.182037,0.507018,-0.428827
2026-03-04T20:07:58.180532,-0.315852,-3.488735,8.623732,0.178372,0.469144,-0.455705
2026-03-04T20:07:58.190532,-0.373280,-3.436093,8.504091,0.180816,0.436157,-0.480139
2026-03-04T20:07:58.200532,-0.512064,-3.306880,8.561519,0.178372,0.398284,-0.505796
2026-03-04T20:07:58.209532,-0.569491,-3.172882,8.657232,0.152716,0.360410,-0.538783
2026-03-04T20:07:58.219532,-0.612562,-3.134597,8.561519,0.094073,0.320093,-0.565661
2026-03-04T20:07:58.229532,-0.607776,-3.201596,8.585447,0.061086,0.282219,-0.594982
2026-03-04T20:07:58.238532,-0.579063,-3.110669,8.810372,0.061086,0.252898,-0.634077
2026-03-04T20:07:58.248532,-0.516849,-3.177668,8.853443,0.045204,0.235793,-0.665842
2026-03-04T20:07:58.257532,-0.555134,-3.330809,8.891728,0.070860,0.221133,-0.702494
2026-03-04T20:07:58.267532,-0.588634,-3.364308,8.958727,0.142942,0.208915,-0.740368
2026-03-04T20:07:58.277532,-0.598205,-3.512663,8.968299,0.243124,0.184481,-0.770911
2026-03-04T20:07:58.286532,-0.579063,-3.574876,8.910871,0.349414,0.150272,-0.795346
2026-03-04T20:07:58.296532,-0.483350,-3.483949,8.843872,0.426383,0.120951,-0.821002
2026-03-04T20:07:58.305532,-0.464207,-3.474378,8.580661,0.439822,0.090408,-0.840550
2026-03-04T20:07:58.315532,-0.507278,-3.326023,8.298308,0.415388,0.053756,-0.849102
2026-03-04T20:07:58.325532,-0.473778,-3.115455,8.092526,0.334754,0.013439,-0.862541
2026-03-04T20:07:58.334532,-0.550349,-3.043670,7.925028,0.226020,-0.039095,-0.871093
2026-03-04T20:07:58.344532,-0.521635,-3.053241,7.901100,0.092851,-0.087964,-0.897971
2026-03-04T20:07:58.354532,-0.454636,-3.436093,7.848458,-0.052534,-0.129503,-0.924849
2026-03-04T20:07:58.363532,-0.559920,-3.723231,7.848458,-0.142942,-0.178372,-0.923628
2026-03-04T20:07:58.373532,-0.646062,-4.019941,7.714460,-0.167377,-0.267558,-0.917519
2026-03-04T20:07:58.382532,-0.622133,-4.163511,7.618747,-0.190589,-0.381179,-0.901636
2026-03-04T20:07:58.392532,-0.569491,-4.225724,7.771887,-0.204028,-0.488692,-0.884532
2026-03-04T20:07:58.402532,-0.373280,-4.474578,8.006384,-0.218689,-0.577878,-0.884532
2026-03-04T20:07:58.411532,-0.167497,-4.661218,8.370093,-0.211359,-0.656069,-0.886976
2026-03-04T20:07:58.421532,0.014356,-5.058426,8.307880,-0.196698,-0.704938,-0.875980
2026-03-04T20:07:58.430532,-0.004785,-6.259623,9.446863,-0.259006,-0.774576,-0.835663
2026-03-04T20:07:58.440532,3.842873,-13.194023,34.906494,-0.902858,-0.995710,-0.786794
2026-03-04T20:07:58.450532,5.871986,-11.748758,19.463219,-1.690874,0.151494,-0.076969
2026-03-04T20:07:58.459532,1.014556,-9.456434,-4.211367,-0.954171,1.006705,0.382401
2026-03-04T20:07:58.469532,-3.019742,-4.244867,-2.225325,0.624304,0.895528,0.166155
2026-03-04T20:07:58.479532,-3.790230,-3.077169,6.259623,0.335975,-0.012217,0.018325
2026-03-04T20:07:58.488532,-1.813759,-4.326223,13.792229,0.000000,-0.686612,-0.092851
2026-03-04T20:07:58.498532,1.473978,-5.034498,13.557732,-0.367740,-0.779463,0.051312
2026-03-04T20:07:58.507532,2.665604,-5.489135,8.585447,-0.340862,-0.469144,0.186924
2026-03-04T20:07:58.517532,2.325823,-4.656432,8.073383,0.052534,-0.156381,0.142942
2026-03-04T20:07:58.527532,1.378265,-4.895715,9.107082,0.267558,0.075747,0.085521
2026-03-04T20:07:58.536532,0.057427,-4.852644,9.466006,0.662177,0.160046,0.138055
2026-03-04T20:07:58.546532,-0.794417,-3.809373,9.939785,1.031140,0.017104,0.171042
2026-03-04T20:07:58.555532,-0.569491,-2.746960,10.150353,1.121548,-0.240680,0.156381
2026-03-04T20:07:58.565532,0.162711,-2.287538,9.987641,0.912632,-0.392175,0.123394
2026-03-04T20:07:58.575532,0.808774,-2.703889,9.619146,0.483805,-0.345749,0.101403
2026-03-04T20:07:58.584532,1.009771,-3.603590,9.504291,0.157603,-0.175929,0.105068
2026-03-04T20:07:58.594532,0.502492,-4.173082,9.379864,0.070860,-0.030543,0.122173
2026-03-04T20:07:58.604532,-0.028713,-4.216153,9.667003,0.196698,-0.006108,0.108733
2026-03-04T20:07:58.613532,-0.229710,-3.795016,10.078568,0.361632,-0.089186,0.078190
2026-03-04T20:07:58.623532,0.263210,-3.393022,10.030712,0.433714,-0.190589,0.048869
2026-03-04T20:07:58.632532,0.703489,-3.067598,9.724431,0.433714,-0.221133,0.031764
2026-03-04T20:07:58.642532,1.024128,-2.646461,9.762716,0.366519,-0.178372,0.009773
2026-03-04T20:07:58.652532,0.976271,-2.493321,9.949356,0.229685,-0.096516,-0.007330
2026-03-04T20:07:58.661532,0.837487,-2.732603,9.978070,0.069638,-0.025656,-0.013439
2026-03-04T20:07:58.671532,0.598205,-3.010170,9.939785,-0.051312,0.001221,-0.017104
2026-03-04T20:07:58.680532,0.531206,-3.488735,9.719645,-0.119729,-0.012217,-0.018325
2026-03-04T20:07:58.690532,0.435493,-3.876372,9.552147,-0.112399,-0.030543,-0.015882
2026-03-04T20:07:58.700532,0.535992,-3.996013,9.451649,-0.073303,-0.050090,-0.012217
2026-03-04T20:07:58.709532,0.521635,-4.005585,9.480363,-0.028099,-0.058643,-0.004886
2026-03-04T20:07:58.719532,0.492921,-3.967299,9.647860,0.009773,-0.051312,-0.004886
2026-03-04T20:07:58.729532,0.416351,-3.895515,9.609575,0.030543,-0.045204,0.001221
2026-03-04T20:07:58.738532,0.397208,-3.876372,9.489934,0.048869,-0.052534,0.010995
2026-03-04T20:07:58.748532,0.334995,-3.938585,9.509077,0.068416,-0.063529,0.020769
2026-03-04T20:07:58.757532,0.382851,-3.933800,9.552147,0.085521,-0.076969,0.023212
2026-03-04T20:07:58.767532,0.507278,-3.885943,9.585647,0.097738,-0.078190,0.029321
2026-03-04T20:07:58.777532,0.492921,-3.833301,9.566504,0.109955,-0.075747,0.036651
2026-03-04T20:07:58.786532,0.535992,-3.708875,9.681360,0.105068,-0.072082,0.045204
2026-03-04T20:07:58.796532,0.555134,-3.742374,9.714859,0.094073,-0.072082,0.048869
2026-03-04T20:07:58.805532,0.559920,-3.632304,9.667003,0.074525,-0.072082,0.056199
2026-03-04T20:07:58.815532,0.531206,-3.656232,9.628718,0.068416,-0.080634,0.059864
2026-03-04T20:07:58.825532,0.535992,-3.684946,9.590432,0.084299,-0.084299,0.054977
2026-03-04T20:07:58.834532,0.545563,-3.555734,9.738787,0.112399,-0.083077,0.046425
2026-03-04T20:07:58.844532,0.473778,-3.431307,9.791430,0.123394,-0.079412,0.039095
2026-03-04T20:07:58.854532,0.473778,-3.292523,9.791430,0.111177,-0.075747,0.031764
2026-03-04T20:07:58.863532,0.488135,-3.273381,9.748359,0.086742,-0.067195,0.025656
2026-03-04T20:07:58.873532,0.497707,-3.359522,9.705288,0.052534,-0.063529,0.019547
2026-03-04T20:07:58.882532,0.521635,-3.517449,9.681360,0.021991,-0.061086,0.017104
2026-03-04T20:07:58.892532,0.650847,-3.627519,9.724431,0.030543,-0.057421,0.017104
2026-03-04T20:07:58.902532,0.617348,-3.704089,9.748359,0.043982,-0.048869,0.017104
2026-03-04T20:07:58.911532,0.588634,-3.651447,9.647860,0.073303,-0.045204,0.019547
2026-03-04T20:07:58.921532,0.531206,-3.527020,9.657432,0.108733,-0.047647,0.015882
2026-03-04T20:07:58.930532,0.521635,-3.517449,9.786644,0.114842,-0.053756,0.013439
2026-03-04T20:07:58.940532,0.531206,-3.512663,9.772287,0.100181,-0.061086,0.018325
2026-03-04T20:07:58.950532,0.526420,-3.665804,9.647860,0.090408,-0.061086,0.024434
2026-03-04T20:07:58.959532,0.502492,-3.847658,9.533005,0.125838,-0.063529,0.023212
2026-03-04T20:07:58.969532,0.516849,-3.871586,9.647860,0.190589,-0.070860,0.020769
2026-03-04T20:07:58.979532,0.435493,-3.957728,9.623932,0.251676,-0.079412,0.026878
2026-03-04T20:07:58.988532,0.464207,-3.933800,9.427721,0.326201,-0.095294,0.035430
2026-03-04T20:07:58.998532,0.497707,-3.675375,9.619146,0.432492,-0.107512,0.019547
2026-03-04T20:07:59.007532,0.468993,-3.503092,9.772287,0.475253,-0.109955,0.009773
2026-03-04T20:07:59.017532,0.612562,-3.330809,9.724431,0.453261,-0.105068,0.017104
2026-03-04T20:07:59.027532,0.650847,-3.144168,9.777073,0.421496,-0.094073,0.009773
2026-03-04T20:07:59.036532,0.612562,-3.091526,9.734002,0.367740,-0.076969,0.003665
2026-03-04T20:07:59.046532,0.612562,-3.105883,9.738787,0.320093,-0.069638,0.004886
2026-03-04T20:07:59.055532,0.602991,-3.067598,9.839286,0.279776,-0.068416,0.002443
2026-03-04T20:07:59.065532,0.574277,-3.192025,9.882357,0.234572,-0.072082,0.006108
2026-03-04T20:07:59.075532,0.598205,-3.177668,9.767501,0.196698,-0.070860,0.013439
2026-03-04T20:07:59.084532,0.583848,-3.182454,9.705288,0.174707,-0.065973,0.014660
2026-03-04T20:07:59.094532,0.535992,-3.196810,9.839286,0.152716,-0.061086,0.018325
2026-03-04T20:07:59.104532,0.559920,-3.158525,9.858429,0.128281,-0.051312,0.012217
2026-03-04T20:07:59.113532,0.526420,-3.201596,9.824929,0.096516,-0.039095,0.008552
2026-03-04T20:07:59.123532,0.550349,-3.321237,9.891928,0.056199,-0.028099,0.017104
2026-03-04T20:07:59.132532,0.483350,-3.340380,9.734002,0.035430,-0.029321,0.026878
2026-03-04T20:07:59.142532,0.473778,-3.450450,9.686145,0.008552,-0.045204,0.039095
2026-03-04T20:07:59.152532,0.598205,-3.388236,9.738787,0.043982,-0.068416,0.029321
2026-03-04T20:07:59.161532,0.741775,-3.201596,10.083354,0.065973,-0.070860,0.036651
2026-03-04T20:07:59.171532,0.722632,-3.182454,9.920642,0.030543,-0.069638,0.050090
2026-03-04T20:07:59.180532,0.693918,-3.077169,9.791430,0.015882,-0.041538,0.047647
2026-03-04T20:07:59.190532,0.607776,-3.014956,9.566504,-0.007330,-0.028099,0.042760
2026-03-04T20:07:59.200532,0.492921,-3.067598,9.738787,-0.037873,-0.039095,0.045204
2026-03-04T20:07:59.209532,0.459421,-3.168097,10.016355,-0.059864,-0.051312,0.046425
2026-03-04T20:07:59.219532,0.502492,-3.034099,10.131210,-0.024434,-0.042760,0.039095
2026-03-04T20:07:59.229532,0.545563,-2.818745,10.021141,0.013439,-0.041538,0.030543
2026-03-04T20:07:59.238532,0.660419,-2.502892,9.901499,0.061086,-0.042760,0.015882
2026-03-04T20:07:59.248532,0.789631,-2.502892,9.848857,-0.010995,-0.045204,0.012217
2026-03-04T20:07:59.257532,0.870987,-2.670390,9.858429,-0.094073,-0.030543,0.002443
2026-03-04T20:07:59.267532,0.842273,-3.029313,9.834500,-0.185702,0.002443,-0.002443
2026-03-04T20:07:59.277532,0.693918,-3.450450,9.710074,-0.193033,0.023212,-0.003665
2026-03-04T20:07:59.286532,0.531206,-3.598805,9.695717,-0.163711,0.031764,0.001221
2026-03-04T20:07:59.296532,0.425922,-3.570091,9.781858,-0.107512,0.020769,-0.001221
2026-03-04T20:07:59.305532,0.382851,-3.335594,9.796215,-0.078190,0.001221,0.001221
2026-03-04T20:07:59.315532,0.425922,-3.081955,9.781858,-0.096516,-0.019547,0.003665
2026-03-04T20:07:59.325532,0.531206,-2.971885,9.781858,-0.152716,-0.029321,0.007330
2026-03-04T20:07:59.334532,0.612562,-3.058027,9.681360,-0.224798,-0.029321,0.010995
2026-03-04T20:07:59.344532,0.660419,-3.416950,9.576076,-0.298102,-0.014660,0.019547
2026-03-04T20:07:59.354532,0.684347,-3.742374,9.466006,-0.300545,-0.001221,0.026878
2026-03-04T20:07:59.363532,0.535992,-3.952942,9.566504,-0.230907,0.002443,0.030543
2026-03-04T20:07:59.373532,0.430708,-4.077369,9.628718,-0.146607,-0.009773,0.032986
2026-03-04T20:07:59.382532,0.354137,-4.072584,9.580861,-0.046425,-0.025656,0.043982
2026-03-04T20:07:59.392532,0.382851,-3.785445,9.609575,0.036651,-0.048869,0.052534
2026-03-04T20:07:59.402532,0.430708,-3.402593,9.786644,0.094073,-0.068416,0.050090
2026-03-04T20:07:59.411532,0.507278,-3.096312,9.887142,0.102625,-0.076969,0.041538
2026-03-04T20:07:59.421532,0.569491,-2.866601,9.858429,0.058643,-0.063529,0.041538
2026-03-04T20:07:59.430532,0.684347,-2.876172,9.767501,-0.025656,-0.043982,0.035430
2026-03-04T20:07:59.440532,0.689132,-3.292523,9.647860,-0.100181,-0.023212,0.023212
2026-03-04T20:07:59.450532,0.646062,-3.541377,9.667003,-0.109955,-0.013439,0.019547
2026-03-04T20:07:59.459532,0.593420,-3.632304,9.724431,-0.076969,-0.014660,0.015882
2026-03-04T20:07:59.469532,0.531206,-3.617947,9.781858,-0.025656,-0.024434,0.007330
2026-03-04T20:07:59.479532,0.593420,-3.436093,9.805787,-0.006108,-0.029321,0.001221
2026-03-04T20:07:59.488532,0.612562,-3.211167,9.834500,-0.023212,-0.024434,-0.007330
2026-03-04T20:07:59.498532,0.564706,-3.220739,9.772287,-0.075747,-0.017104,-0.017104
2026-03-04T20:07:59.507532,0.535992,-3.321237,9.786644,-0.138055,-0.008552,-0.019547
2026-03-04T20:07:59.517532,0.464207,-3.402593,9.786644,-0.178372,0.003665,-0.015882
2026-03-04T20:07:59.527532,0.425922,-3.579662,9.743573,-0.184481,0.008552,-0.017104
2026-03-04T20:07:59.536532,0.306281,-3.661018,9.729216,-0.177150,-0.002443,-0.018325
2026-03-04T20:07:59.546532,0.392422,-3.751945,9.633503,-0.166155,-0.020769,-0.015882
2026-03-04T20:07:59.555532,0.397208,-3.909872,9.576076,-0.133168,-0.030543,-0.004886
2026-03-04T20:07:59.565532,0.459421,-3.847658,9.604789,-0.091629,-0.031764,0.007330
2026-03-04T20:07:59.575532,0.531206,-3.890729,9.533005,-0.057421,-0.031764,0.018325
2026-03-04T20:07:59.584532,0.488135,-3.804587,9.585647,-0.021991,-0.034208,0.025656
2026-03-04T20:07:59.594532,0.526420,-3.689732,9.671788,0.000000,-0.039095,0.028099
2026-03-04T20:07:59.604532,0.555134,-3.603590,9.652646,0.024434,-0.045204,0.035430
2026-03-04T20:07:59.613532,0.660419,-3.517449,9.801001,0.032986,-0.048869,0.037873
2026-03-04T20:07:59.623532,0.626919,-3.383451,9.743573,0.026878,-0.048869,0.039095
2026-03-04T20:07:59.632532,0.583848,-3.388236,9.762716,0.009773,-0.042760,0.039095
2026-03-04T20:07:59.642532,0.579063,-3.436093,9.647860,-0.013439,-0.032986,0.034208
2026-03-04T20:07:59.652532,0.464207,-3.622733,9.609575,-0.028099,-0.026878,0.035430
2026-03-04T20:07:59.661532,0.430708,-3.737588,9.561719,-0.035430,-0.028099,0.030543
2026-03-04T20:07:59.671532,0.392422,-3.775874,9.595218,-0.004886,-0.036651,0.026878
2026-03-04T20:07:59.680532,0.425922,-3.751945,9.738787,0.039095,-0.047647,0.023212
2026-03-04T20:07:59.690532,0.445065,-3.641875,9.839286,0.072082,-0.056199,0.024434
2026-03-04T20:07:59.700532,0.540777,-3.464807,9.767501,0.080634,-0.056199,0.025656
2026-03-04T20:07:59.709532,0.531206,-3.311666,9.738787,0.062308,-0.045204,0.017104
2026-03-04T20:07:59.719532,0.512064,-3.211167,9.810572,0.030543,-0.036651,0.009773
2026-03-04T20:07:59.729532,0.521635,-3.235096,9.729216,-0.030543,-0.032986,0.010995
2026-03-04T20:07:59.738532,0.521635,-3.412165,9.676574,-0.090408,-0.035430,0.009773
2026-03-04T20:07:59.748532,0.540777,-3.622733,9.652646,-0.119729,-0.035430,0.009773
2026-03-04T20:07:59.757532,0.569491,-3.804587,9.623932,-0.123394,-0.030543,0.012217
2026-03-04T20:07:59.767532,0.555134,-3.976871,9.695717,-0.080634,-0.028099,0.009773
2026-03-04T20:07:59.777532,0.492921,-3.948157,9.647860,-0.031764,-0.030543,0.017104
2026-03-04T20:07:59.786532,0.483350,-3.862015,9.600004,0.004886,-0.042760,0.023212
2026-03-04T20:07:59.796532,0.550349,-3.665804,9.705288,0.079412,-0.047647,0.009773
2026-03-04T20:07:59.805532,0.478564,-3.766302,9.571290,0.010995,-0.043982,0.036651
2026-03-04T20:07:59.815532,0.545563,-3.460021,9.820143,0.120951,-0.039095,0.010995
2026-03-04T20:07:59.825532,0.488135,-3.527020,9.518648,0.070860,-0.041538,0.028099
2026-03-04T20:07:59.834532,0.459421,-3.598805,9.461220,0.067195,-0.048869,0.042760
2026-03-04T20:07:59.844532,0.559920,-3.416950,9.896714,0.073303,-0.064751,0.037873
2026-03-04T20:07:59.854532,0.555134,-3.469592,9.757930,0.036651,-0.062308,0.040317
2026-03-04T20:07:59.863532,0.555134,-3.574876,9.690931,0.034208,-0.041538,0.042760
2026-03-04T20:07:59.873532,0.521635,-3.550948,9.724431,0.024434,-0.030543,0.040317
2026-03-04T20:07:59.882532,0.492921,-3.641875,9.600004,0.023212,-0.034208,0.039095
2026-03-04T20:07:59.892532,0.459421,-3.694518,9.695717,0.032986,-0.042760,0.035430
2026-03-04T20:07:59.902532,0.473778,-3.651447,9.734002,0.045204,-0.051312,0.028099
2026-03-04T20:07:59.911532,0.502492,-3.632304,9.700502,0.052534,-0.057421,0.025656
2026-03-04T20:07:59.921532,0.583848,-3.536591,9.623932,0.057421,-0.053756,0.026878
2026-03-04T20:07:59.930532,0.497707,-3.488735,9.714859,0.046425,-0.050090,0.025656
2026-03-04T20:07:59.940532,0.488135,-3.531806,9.690931,0.035430,-0.045204,0.023212
2026-03-04T20:07:59.950532,0.497707,-3.541377,9.590432,0.017104,-0.047647,0.028099
2026-03-04T20:07:59.959532,0.526420,-3.560520,9.590432,0.017104,-0.046425,0.028099
2026-03-04T20:07:59.969532,0.507278,-3.651447,9.700502,0.025656,-0.048869,0.026878
2026-03-04T20:07:59.979532,0.483350,-3.670589,9.667003,0.039095,-0.050090,0.028099
2026-03-04T20:07:59.988532,0.492921,-3.646661,9.657432,0.059864,-0.053756,0.028099
2026-03-04T20:07:59.998532,0.478564,-3.574876,9.662217,0.063529,-0.054977,0.030543
2026-03-04T20:08:00.007532,0.545563,-3.536591,9.667003,0.061086,-0.054977,0.031764
2026-03-04T20:08:00.017532,0.478564,-3.503092,9.676574,0.056199,-0.051312,0.028099
2026-03-04T20:08:00.027532,0.464207,-3.450450,9.657432,0.045204,-0.048869,0.024434
2026-03-04T20:08:00.036532,0.473778,-3.550948,9.681360,0.035430,-0.056199,0.021991
2026-03-04T20:08:00.046532,0.512064,-3.570091,9.714859,0.031764,-0.059864,0.021991
2026-03-04T20:08:00.055532,0.550349,-3.641875,9.614361,0.043982,-0.063529,0.017104
2026-03-04T20:08:00.065532,0.555134,-3.598805,9.652646,0.068416,-0.067195,0.014660
2026-03-04T20:08:00.075532,0.535992,-3.594019,9.705288,0.100181,-0.074525,0.010995
2026-03-04T20:08:00.084532,0.531206,-3.594019,9.719645,0.122173,-0.078190,0.007330
2026-03-04T20:08:00.094532,0.492921,-3.488735,9.753144,0.140498,-0.080634,0.006108
2026-03-04T20:08:00.104532,0.550349,-3.550948,9.676574,0.129503,-0.081855,0.006108
2026-03-04T20:08:00.113532,0.545563,-3.565305,9.710074,0.128281,-0.084299,0.003665
2026-03-04T20:08:00.123532,0.526420,-3.598805,9.762716,0.139277,-0.086742,0.002443
2026-03-04T20:08:00.132532,0.497707,-3.866801,9.781858,0.188146,-0.095294,0.003665
2026-03-04T20:08:00.142532,0.526420,-3.919443,9.600004,0.273667,-0.107512,0.010995
2026-03-04T20:08:00.152532,0.497707,-3.603590,9.638289,0.382401,-0.101403,0.019547
2026-03-04T20:08:00.161532,0.545563,-3.163311,9.805787,0.422718,-0.097738,0.008552
2026-03-04T20:08:00.171532,0.631705,-2.933600,9.734002,0.337197,-0.089186,0.018325
2026-03-04T20:08:00.180532,0.641276,-3.072384,9.614361,0.189368,-0.087964,0.032986
2026-03-04T20:08:00.190532,0.679561,-3.168097,9.623932,0.119729,-0.067195,0.020769
2026-03-04T20:08:00.200532,0.583848,-3.249453,9.930213,0.123394,-0.053756,0.003665
2026-03-04T20:08:00.209532,0.550349,-3.273381,9.997212,0.128281,-0.052534,0.000000
2026-03-04T20:08:00.219532,0.526420,-3.211167,9.858429,0.116064,-0.054977,0.003665
2026-03-04T20:08:00.229532,0.512064,-3.192025,9.743573,0.084299,-0.053756,0.009773
2026-03-04T20:08:00.238532,0.598205,-3.282952,9.748359,0.040317,-0.048869,0.006108
2026-03-04T20:08:00.248532,0.521635,-3.369094,9.786644,0.001221,-0.041538,0.008552
2026-03-04T20:08:00.257532,0.531206,-3.431307,9.882357,-0.013439,-0.036651,0.009773
2026-03-04T20:08:00.267532,0.483350,-3.464807,9.781858,-0.008552,-0.034208,0.017104
2026-03-04T20:08:00.277532,0.478564,-3.369094,9.686145,-0.007330,-0.037873,0.024434
2026-03-04T20:08:00.286532,0.569491,-3.335594,9.710074,-0.029321,-0.035430,0.029321
2026-03-04T20:08:00.296532,0.612562,-3.416950,9.714859,-0.040317,-0.030543,0.032986
2026-03-04T20:08:00.305532,0.559920,-3.445664,9.734002,-0.041538,-0.019547,0.043982
2026-03-04T20:08:00.315532,0.574277,-3.426521,9.719645,-0.018325,-0.019547,0.042760
2026-03-04T20:08:00.325532,0.622133,-3.445664,9.681360,-0.006108,-0.030543,0.046425
2026-03-04T20:08:00.334532,0.559920,-3.407379,9.757930,0.017104,-0.041538,0.042760
2026-03-04T20:08:00.344532,0.583848,-3.464807,9.767501,-0.008552,-0.035430,0.053756
2026-03-04T20:08:00.354532,0.492921,-3.464807,9.824929,0.003665,-0.023212,0.054977
2026-03-04T20:08:00.363532,0.488135,-3.254238,9.829715,0.029321,-0.014660,0.041538
2026-03-04T20:08:00.373532,0.478564,-3.215953,9.762716,0.020769,-0.025656,0.031764
2026-03-04T20:08:00.382532,0.531206,-3.125026,9.772287,0.008552,-0.041538,0.023212
2026-03-04T20:08:00.392532,0.622133,-3.086741,9.815358,-0.041538,-0.040317,0.013439
2026-03-04T20:08:00.402532,0.641276,-3.263810,9.801001,-0.068416,-0.024434,0.004886
2026-03-04T20:08:00.411532,0.593420,-3.412165,9.743573,-0.080634,-0.012217,0.004886
2026-03-04T20:08:00.421532,0.564706,-3.527020,9.710074,-0.065973,-0.014660,0.001221
2026-03-04T20:08:00.430532,0.535992,-3.603590,9.667003,-0.032986,-0.028099,0.001221
2026-03-04T20:08:00.440532,0.593420,-3.517449,9.781858,-0.001221,-0.035430,0.001221
2026-03-04T20:08:00.450532,0.588634,-3.464807,9.796215,0.028099,-0.035430,0.006108
2026-03-04T20:08:00.459532,0.507278,-3.412165,9.719645,0.035430,-0.032986,0.014660
2026-03-04T20:08:00.469532,0.473778,-3.311666,9.719645,0.030543,-0.031764,0.021991
2026-03-04T20:08:00.479532,0.473778,-3.249453,9.753144,0.014660,-0.035430,0.024434
2026-03-04T20:08:00.488532,0.497707,-3.316452,9.767501,-0.003665,-0.043982,0.028099
2026-03-04T20:08:00.498532,0.579063,-3.321237,9.753144,-0.015882,-0.042760,0.028099
2026-03-04T20:08:00.507532,0.516849,-3.306880,9.796215,-0.023212,-0.039095,0.029321
2026-03-04T20:08:00.517532,0.488135,-3.321237,9.791430,-0.029321,-0.035430,0.025656
2026-03-04T20:08:00.527532,0.550349,-3.402593,9.729216,-0.035430,-0.036651,0.025656
2026-03-04T20:08:00.536532,0.564706,-3.402593,9.690931,-0.039095,-0.036651,0.023212
2026-03-04T20:08:00.546532,0.564706,-3.455235,9.724431,-0.025656,-0.039095,0.020769
2026-03-04T20:08:00.555532,0.516849,-3.474378,9.705288,-0.024434,-0.037873,0.025656
2026-03-04T20:08:00.565532,0.555134,-3.527020,9.690931,-0.019547,-0.037873,0.020769
2026-03-04T20:08:00.575532,0.521635,-3.517449,9.690931,-0.008552,-0.040317,0.025656
2026-03-04T20:08:00.584532,0.535992,-3.450450,9.729216,-0.006108,-0.042760,0.026878
2026-03-04T20:08:00.594532,0.507278,-3.402593,9.757930,-0.004886,-0.045204,0.026878
2026-03-04T20:08:00.604532,0.545563,-3.407379,9.700502,-0.006108,-0.045204,0.026878
2026-03-04T20:08:00.613532,0.535992,-3.359522,9.757930,-0.009773,-0.042760,0.029321
2026-03-04T20:08:00.623532,0.526420,-3.378665,9.710074,-0.013439,-0.041538,0.025656
2026-03-04T20:08:00.632532,0.454636,-3.507877,9.753144,-0.007330,-0.041538,0.028099
2026-03-04T20:08:00.642532,0.478564,-3.469592,9.724431,-0.003665,-0.042760,0.028099
2026-03-04T20:08:00.652532,0.507278,-3.455235,9.738787,-0.002443,-0.041538,0.026878
2026-03-04T20:08:00.661532,0.555134,-3.488735,9.743573,0.000000,-0.040317,0.024434
2026-03-04T20:08:00.671532,0.521635,-3.426521,9.690931,0.003665,-0.040317,0.021991
2026-03-04T20:08:00.680532,0.526420,-3.464807,9.705288,0.007330,-0.042760,0.025656
2026-03-04T20:08:00.690532,0.526420,-3.440878,9.734002,0.006108,-0.042760,0.021991
2026-03-04T20:08:00.700532,0.526420,-3.460021,9.743573,0.001221,-0.041538,0.020769
2026-03-04T20:08:00.709532,0.507278,-3.426521,9.705288,0.002443,-0.040317,0.021991
2026-03-04T20:08:00.719532,0.559920,-3.488735,9.767501,0.001221,-0.039095,0.019547
2026-03-04T20:08:00.729532,0.497707,-3.412165,9.729216,0.000000,-0.037873,0.018325
2026-03-04T20:08:00.738532,0.526420,-3.416950,9.738787,-0.001221,-0.040317,0.020769
2026-03-04T20:08:00.748532,0.531206,-3.493520,9.734002,0.007330,-0.041538,0.020769
2026-03-04T20:08:00.757532,0.502492,-3.436093,9.762716,0.013439,-0.039095,0.013439
2026-03-04T20:08:00.767532,0.526420,-3.407379,9.657432,0.012217,-0.039095,0.017104
2026-03-04T20:08:00.777532,0.555134,-3.517449,9.729216,0.014660,-0.039095,0.014660
2026-03-04T20:08:00.786532,0.516849,-3.507877,9.700502,0.017104,-0.040317,0.013439
2026-03-04T20:08:00.796532,0.531206,-3.522234,9.738787,0.029321,-0.046425,0.015882
2026-03-04T20:08:00.805532,0.521635,-3.503092,9.686145,0.030543,-0.045204,0.013439
2026-03-04T20:08:00.815532,0.521635,-3.450450,9.705288,0.031764,-0.045204,0.017104
2026-03-04T20:08:00.825532,0.468993,-3.436093,9.753144,0.032986,-0.045204,0.021991
2026-03-04T20:08:00.834532,0.593420,-3.464807,9.710074,0.026878,-0.043982,0.019547
2026-03-04T20:08:00.844532,0.526420,-3.426521,9.719645,0.021991,-0.042760,0.020769
2026-03-04T20:08:00.854532,0.507278,-3.445664,9.719645,0.019547,-0.042760,0.023212
2026-03-04T20:08:00.863532,0.540777,-3.416950,9.767501,0.014660,-0.041538,0.021991
2026-03-04T20:08:00.873532,0.497707,-3.436093,9.714859,0.010995,-0.040317,0.025656
2026-03-04T20:08:00.882532,0.535992,-3.397808,9.753144,0.010995,-0.042760,0.029321
2026-03-04T20:08:00.892532,0.502492,-3.483949,9.748359,0.008552,-0.041538,0.023212
2026-03-04T20:08:00.902532,0.516849,-3.440878,9.705288,0.013439,-0.041538,0.023212
2026-03-04T20:08:00.911532,0.579063,-3.483949,9.743573,0.017104,-0.043982,0.024434
2026-03-04T20:08:00.921532,0.535992,-3.460021,9.686145,0.024434,-0.041538,0.023212
2026-03-04T20:08:00.930532,0.507278,-3.416950,9.700502,0.023212,-0.043982,0.024434
2026-03-04T20:08:00.940532,0.497707,-3.445664,9.767501,0.019547,-0.042760,0.019547
2026-03-04T20:08:00.950532,0.512064,-3.440878,9.753144,0.019547,-0.041538,0.018325
2026-03-04T20:08:00.959532,0.492921,-3.488735,9.729216,0.020769,-0.041538,0.020769
2026-03-04T20:08:00.969532,0.545563,-3.512663,9.724431,0.024434,-0.042760,0.015882
2026-03-04T20:08:00.979532,0.559920,-3.488735,9.734002,0.026878,-0.041538,0.019547
2026-03-04T20:08:00.988532,0.535992,-3.436093,9.753144,0.028099,-0.042760,0.020769
2026-03-04T20:08:00.998532,0.521635,-3.397808,9.686145,0.020769,-0.043982,0.020769
2026-03-04T20:08:01.007532,0.507278,-3.388236,9.738787,0.015882,-0.043982,0.021991
2026-03-04T20:08:01.017532,0.526420,-3.393022,9.738787,0.012217,-0.041538,0.017104
2026-03-04T20:08:01.027532,0.540777,-3.507877,9.714859,0.009773,-0.040317,0.018325
2026-03-04T20:08:01.036532,0.488135,-3.570091,9.700502,0.012217,-0.041538,0.024434
2026-03-04T20:08:01.046532,0.497707,-3.464807,9.743573,0.019547,-0.042760,0.021991
2026-03-04T20:08:01.055532,0.468993,-3.488735,9.762716,0.024434,-0.043982,0.020769
2026-03-04T20:08:01.065532,0.483350,-3.479164,9.719645,0.024434,-0.045204,0.019547
2026-03-04T20:08:01.075532,0.579063,-3.450450,9.724431,0.024434,-0.043982,0.018325
2026-03-04T20:08:01.084532,0.531206,-3.455235,9.767501,0.024434,-0.041538,0.015882
2026-03-04T20:08:01.094532,0.502492,-3.436093,9.724431,0.024434,-0.041538,0.017104
2026-03-04T20:08:01.104532,0.507278,-3.445664,9.719645,0.026878,-0.042760,0.015882
2026-03-04T20:08:01.113532,0.531206,-3.431307,9.767501,0.028099,-0.041538,0.017104
2026-03-04T20:08:01.123532,0.540777,-3.474378,9.724431,0.028099,-0.041538,0.013439
2026-03-04T20:08:01.132532,0.526420,-3.440878,9.719645,0.028099,-0.042760,0.009773
2026-03-04T20:08:01.142532,0.497707,-3.464807,9.748359,0.023212,-0.041538,0.014660
2026-03-04T20:08:01.152532,0.574277,-3.440878,9.738787,0.020769,-0.042760,0.014660
2026-03-04T20:08:01.161532,0.512064,-3.397808,9.757930,0.021991,-0.041538,0.014660
2026-03-04T20:08:01.171532,0.492921,-3.426521,9.738787,0.023212,-0.041538,0.018325
2026-03-04T20:08:01.180532,0.478564,-3.503092,9.729216,0.021991,-0.046425,0.013439
2026-03-04T20:08:01.190532,0.507278,-3.479164,9.705288,0.018325,-0.041538,0.009773
2026-03-04T20:08:01.200532,0.550349,-3.474378,9.772287,0.024434,-0.040317,0.013439
2026-03-04T20:08:01.209532,0.550349,-3.498306,9.734002,0.034208,-0.041538,0.019547
2026-03-04T20:08:01.219532,0.502492,-3.421736,9.719645,0.036651,-0.043982,0.019547
2026-03-04T20:08:01.229532,0.507278,-3.393022,9.738787,0.031764,-0.043982,0.018325
2026-03-04T20:08:01.238532,0.540777,-3.383451,9.762716,0.019547,-0.046425,0.017104
2026-03-04T20:08:01.248532,0.550349,-3.402593,9.743573,0.008552,-0.043982,0.019547
2026-03-04T20:08:01.257532,0.555134,-3.383451,9.710074,0.004886,-0.040317,0.019547
2026-03-04T20:08:01.267532,0.502492,-3.503092,9.738787,0.006108,-0.040317,0.019547
2026-03-04T20:08:01.277532,0.531206,-3.455235,9.695717,0.009773,-0.041538,0.019547
2026-03-04T20:08:01.286532,0.516849,-3.479164,9.686145,0.013439,-0.046425,0.020769
2026-03-04T20:08:01.296532,0.497707,-3.469592,9.729216,0.020769,-0.043982,0.019547
2026-03-04T20:08:01.305532,0.535992,-3.450450,9.714859,0.028099,-0.042760,0.018325
2026-03-04T20:08:01.315532,0.492921,-3.493520,9.738787,0.030543,-0.041538,0.018325
2026-03-04T20:08:01.325532,0.507278,-3.416950,9.734002,0.029321,-0.041538,0.018325
2026-03-04T20:08:01.334532,0.535992,-3.393022,9.676574,0.023212,-0.043982,0.019547
2026-03-04T20:08:01.344532,0.483350,-3.416950,9.762716,0.018325,-0.043982,0.020769
2026-03-04T20:08:01.354532,0.579063,-3.440878,9.724431,0.013439,-0.043982,0.020769
2026-03-04T20:08:01.363532,0.521635,-3.455235,9.686145,0.014660,-0.040317,0.013439
2026-03-04T20:08:01.373532,0.531206,-3.488735,9.705288,0.015882,-0.042760,0.017104
2026-03-04T20:08:01.382532,0.574277,-3.493520,9.724431,0.018325,-0.042760,0.018325
2026-03-04T20:08:01.392532,0.516849,-3.469592,9.705288,0.020769,-0.042760,0.017104
2026-03-04T20:08:01.402532,0.502492,-3.460021,9.734002,0.020769,-0.040317,0.017104
2026-03-04T20:08:01.411532,0.526420,-3.469592,9.734002,0.021991,-0.043982,0.020769
2026-03-04T20:08:01.421532,0.559920,-3.436093,9.743573,0.026878,-0.042760,0.018325
2026-03-04T20:08:01.430532,0.550349,-3.412165,9.710074,0.028099,-0.045204,0.019547
2026-03-04T20:08:01.440532,0.531206,-3.436093,9.734002,0.026878,-0.045204,0.018325
2026-03-04T20:08:01.450532,0.535992,-3.416950,9.824929,0.020769,-0.046425,0.017104
2026-03-04T20:08:01.459532,0.521635,-3.431307,9.762716,0.021991,-0.041538,0.018325
2026-03-04T20:08:01.469532,0.526420,-3.426521,9.681360,0.020769,-0.039095,0.019547
2026-03-04T20:08:01.479532,0.512064,-3.416950,9.676574,0.018325,-0.039095,0.017104
2026-03-04T20:08:01.488532,0.507278,-3.450450,9.772287,0.018325,-0.043982,0.020769
2026-03-04T20:08:01.498532,0.535992,-3.479164,9.757930,0.015882,-0.047647,0.020769
2026-03-04T20:08:01.507532,0.507278,-3.483949,9.748359,0.012217,-0.045204,0.019547
2026-03-04T20:08:01.517532,0.507278,-3.479164,9.676574,0.015882,-0.041538,0.015882
2026-03-04T20:08:01.527532,0.555134,-3.512663,9.695717,0.020769,-0.040317,0.015882
2026-03-04T20:08:01.536532,0.502492,-3.474378,9.734002,0.023212,-0.041538,0.018325
2026-03-04T20:08:01.546532,0.540777,-3.445664,9.719645,0.021991,-0.042760,0.019547
2026-03-04T20:08:01.555532,0.526420,-3.440878,9.753144,0.024434,-0.042760,0.018325
2026-03-04T20:08:01.565532,0.497707,-3.455235,9.767501,0.025656,-0.046425,0.021991
2026-03-04T20:08:01.575532,0.531206,-3.431307,9.734002,0.020769,-0.043982,0.020769
2026-03-04T20:08:01.584532,0.512064,-3.416950,9.777073,0.015882,-0.042760,0.021991
2026-03-04T20:08:01.594532,0.512064,-3.393022,9.753144,0.012217,-0.042760,0.021991
2026-03-04T20:08:01.604532,0.535992,-3.479164,9.724431,0.006108,-0.042760,0.023212
2026-03-04T20:08:01.613532,0.545563,-3.503092,9.714859,0.004886,-0.043982,0.021991
2026-03-04T20:08:01.623532,0.555134,-3.507877,9.671788,0.009773,-0.042760,0.021991
2026-03-04T20:08:01.632532,0.535992,-3.469592,9.619146,0.017104,-0.040317,0.023212
2026-03-04T20:08:01.642532,0.535992,-3.450450,9.753144,0.019547,-0.043982,0.019547
2026-03-04T20:08:01.652532,0.507278,-3.483949,9.729216,0.023212,-0.045204,0.017104
2026-03-04T20:08:01.661532,0.516849,-3.455235,9.671788,0.030543,-0.042760,0.018325
2026-03-04T20:08:01.671532,0.526420,-3.440878,9.729216,0.029321,-0.040317,0.018325
2026-03-04T20:08:01.680532,0.550349,-3.378665,9.753144,0.025656,-0.042760,0.014660
2026-03-04T20:08:01.690532,0.492921,-3.440878,9.724431,0.021991,-0.042760,0.017104
2026-03-04T20:08:01.700532,0.507278,-3.369094,9.738787,0.013439,-0.042760,0.020769
2026-03-04T20:08:01.709532,0.564706,-3.445664,9.719645,0.009773,-0.042760,0.019547
2026-03-04T20:08:01.719532,0.559920,-3.455235,9.772287,0.007330,-0.043982,0.017104
2026-03-04T20:08:01.729532,0.535992,-3.474378,9.729216,0.012217,-0.040317,0.017104
2026-03-04T20:08:01.738532,0.497707,-3.479164,9.748359,0.018325,-0.041538,0.020769
2026-03-04T20:08:01.748532,0.492921,-3.483949,9.729216,0.018325,-0.042760,0.019547
2026-03-04T20:08:01.757532,0.559920,-3.474378,9.714859,0.018325,-0.043982,0.018325
2026-03-04T20:08:01.767532,0.559920,-3.450450,9.695717,0.019547,-0.043982,0.020769
2026-03-04T20:08:01.777532,0.531206,-3.431307,9.738787,0.020769,-0.045204,0.024434
2026-03-04T20:08:01.786532,0.488135,-3.436093,9.777073,0.018325,-0.043982,0.020769
2026-03-04T20:08:01.796532,0.502492,-3.460021,9.753144,0.015882,-0.045204,0.019547
2026-03-04T20:08:01.805532,0.507278,-3.412165,9.738787,0.015882,-0.042760,0.018325
2026-03-04T20:08:01.815532,0.526420,-3.488735,9.714859,0.019547,-0.043982,0.019547
2026-03-04T20:08:01.825532,0.507278,-3.469592,9.729216,0.018325,-0.043982,0.018325
2026-03-04T20:08:01.834532,0.550349,-3.450450,9.667003,0.015882,-0.040317,0.014660
2026-03-04T20:08:01.844532,0.521635,-3.479164,9.676574,0.018325,-0.040317,0.017104
2026-03-04T20:08:01.854532,0.559920,-3.493520,9.738787,0.023212,-0.043982,0.017104
2026-03-04T20:08:01.863532,0.579063,-3.460021,9.777073,0.028099,-0.043982,0.019547
2026-03-04T20:08:01.873532,0.502492,-3.383451,9.748359,0.028099,-0.045204,0.020769
2026-03-04T20:08:01.882532,0.507278,-3.383451,9.738787,0.025656,-0.045204,0.019547
2026-03-04T20:08:01.892532,0.550349,-3.421736,9.753144,0.020769,-0.045204,0.020769
2026-03-04T20:08:01.902532,0.531206,-3.397808,9.738787,0.013439,-0.045204,0.021991
2026-03-04T20:08:01.911532,0.488135,-3.445664,9.719645,0.007330,-0.042760,0.020769
2026-03-04T20:08:01.921532,0.512064,-3.474378,9.724431,0.010995,-0.039095,0.019547
2026-03-04T20:08:01.930532,0.454636,-3.488735,9.743573,0.018325,-0.040317,0.018325
2026-03-04T20:08:01.940532,0.473778,-3.479164,9.695717,0.020769,-0.045204,0.019547
2026-03-04T20:08:01.950532,0.574277,-3.483949,9.705288,0.024434,-0.046425,0.019547
2026-03-04T20:08:01.959532,0.588634,-3.373879,9.757930,0.020769,-0.046425,0.019547
2026-03-04T20:08:01.969532,0.497707,-3.450450,9.743573,0.021991,-0.045204,0.020769
2026-03-04T20:08:01.979532,0.516849,-3.445664,9.700502,0.015882,-0.042760,0.021991
2026-03-04T20:08:01.988532,0.540777,-3.393022,9.710074,0.010995,-0.041538,0.018325
2026-03-04T20:08:01.998532,0.516849,-3.450450,9.667003,0.010995,-0.042760,0.018325
2026-03-04T20:08:02.007532,0.531206,-3.493520,9.671788,0.014660,-0.042760,0.020769
2026-03-04T20:08:02.017532,0.540777,-3.507877,9.690931,0.018325,-0.045204,0.019547
2026-03-04T20:08:02.027532,0.526420,-3.455235,9.757930,0.025656,-0.046425,0.019547
2026-03-04T20:08:02.036532,0.540777,-3.416950,9.681360,0.023212,-0.042760,0.020769
2026-03-04T20:08:02.046532,0.550349,-3.416950,9.681360,0.017104,-0.042760,0.018325
2026-03-04T20:08:02.055532,0.569491,-3.436093,9.690931,0.014660,-0.041538,0.015882
2026-03-04T20:08:02.065532,0.545563,-3.474378,9.724431,0.014660,-0.042760,0.015882
2026-03-04T20:08:02.075532,0.526420,-3.431307,9.662217,0.018325,-0.041538,0.017104
2026-03-04T20:08:02.084532,0.526420,-3.445664,9.729216,0.020769,-0.042760,0.018325
2026-03-04T20:08:02.094532,0.521635,-3.445664,9.753144,0.019547,-0.042760,0.015882
2026-03-04T20:08:02.104532,0.512064,-3.431307,9.738787,0.017104,-0.041538,0.017104
2026-03-04T20:08:02.113532,0.492921,-3.416950,9.700502,0.015882,-0.040317,0.017104
2026-03-04T20:08:02.123532,0.488135,-3.507877,9.767501,0.015882,-0.041538,0.017104
2026-03-04T20:08:02.132532,0.512064,-3.498306,9.724431,0.019547,-0.042760,0.018325
2026-03-04T20:08:02.142532,0.526420,-3.512663,9.719645,0.026878,-0.042760,0.015882
2026-03-04T20:08:02.152532,0.507278,-3.426521,9.729216,0.030543,-0.043982,0.018325
2026-03-04T20:08:02.161532,0.535992,-3.373879,9.772287,0.025656,-0.046425,0.019547
2026-03-04T20:08:02.171532,0.526420,-3.421736,9.738787,0.018325,-0.045204,0.021991
2026-03-04T20:08:02.180532,0.540777,-3.402593,9.714859,0.013439,-0.042760,0.023212
2026-03-04T20:08:02.190532,0.531206,-3.416950,9.724431,0.010995,-0.040317,0.018325
2026-03-04T20:08:02.200532,0.526420,-3.479164,9.662217,0.010995,-0.041538,0.019547
2026-03-04T20:08:02.209532,0.526420,-3.517449,9.690931,0.012217,-0.042760,0.019547
2026-03-04T20:08:02.219532,0.535992,-3.546163,9.710074,0.021991,-0.045204,0.019547
2026-03-04T20:08:02.229532,0.555134,-3.479164,9.686145,0.024434,-0.046425,0.021991
2026-03-04T20:08:02.238532,0.497707,-3.412165,9.743573,0.026878,-0.043982,0.018325
2026-03-04T20:08:02.248532,0.531206,-3.493520,9.695717,0.028099,-0.043982,0.015882
2026-03-04T20:08:02.257532,0.512064,-3.488735,9.734002,0.026878,-0.043982,0.014660
2026-03-04T20:08:02.267532,0.550349,-3.436093,9.690931,0.021991,-0.042760,0.015882
2026-03-04T20:08:02.277532,0.531206,-3.436093,9.757930,0.020769,-0.045204,0.015882
2026-03-04T20:08:02.286532,0.564706,-3.469592,9.729216,0.014660,-0.045204,0.017104
2026-03-04T20:08:02.296532,0.535992,-3.440878,9.762716,0.014660,-0.042760,0.020769
2026-03-04T20:08:02.305532,0.564706,-3.469592,9.757930,0.018325,-0.040317,0.020769
2026-03-04T20:08:02.315532,0.507278,-3.464807,9.700502,0.020769,-0.043982,0.020769
2026-03-04T20:08:02.325532,0.516849,-3.531806,9.714859,0.020769,-0.042760,0.018325
2026-03-04T20:08:02.334532,0.512064,-3.421736,9.729216,0.021991,-0.045204,0.021991
2026-03-04T20:08:02.344532,0.473778,-3.512663,9.753144,0.018325,-0.043982,0.019547
2026-03-04T20:08:02.354532,0.569491,-3.450450,9.729216,0.014660,-0.041538,0.017104
2026-03-04T20:08:02.363532,0.502492,-3.431307,9.743573,0.014660,-0.039095,0.018325
2026-03-04T20:08:02.373532,0.492921,-3.455235,9.743573,0.018325,-0.041538,0.020769
2026-03-04T20:08:02.382532,0.564706,-3.431307,9.710074,0.019547,-0.043982,0.019547
2026-03-04T20:08:02.392532,0.512064,-3.493520,9.762716,0.018325,-0.046425,0.023212
2026-03-04T20:08:02.402532,0.545563,-3.445664,9.690931,0.018325,-0.043982,0.020769
2026-03-04T20:08:02.411532,0.526420,-3.464807,9.781858,0.020769,-0.043982,0.020769
2026-03-04T20:08:02.421532,0.555134,-3.469592,9.738787,0.024434,-0.041538,0.018325
2026-03-04T20:08:02.430532,0.540777,-3.474378,9.614361,0.024434,-0.040317,0.015882
2026-03-04T20:08:02.440532,0.492921,-3.445664,9.724431,0.024434,-0.042760,0.014660
2026-03-04T20:08:02.450532,0.540777,-3.460021,9.738787,0.025656,-0.043982,0.010995
2026-03-04T20:08:02.459532,0.521635,-3.436093,9.757930,0.025656,-0.043982,0.010995
2026-03-04T20:08:02.469532,0.564706,-3.436093,9.695717,0.024434,-0.042760,0.014660
2026-03-04T20:08:02.479532,0.540777,-3.431307,9.724431,0.025656,-0.040317,0.015882
2026-03-04T20:08:02.488532,0.516849,-3.402593,9.748359,0.024434,-0.041538,0.018325
2026-03-04T20:08:02.498532,0.516849,-3.402593,9.781858,0.017104,-0.042760,0.019547
2026-03-04T20:08:02.507532,0.478564,-3.426521,9.724431,0.014660,-0.042760,0.020769
2026-03-04T20:08:02.517532,0.545563,-3.464807,9.748359,0.012217,-0.041538,0.021991
2026-03-04T20:08:02.527532,0.497707,-3.445664,9.705288,0.008552,-0.042760,0.021991
2026-03-04T20:08:02.536532,0.512064,-3.517449,9.786644,0.009773,-0.041538,0.020769
2026-03-04T20:08:02.546532,0.521635,-3.531806,9.657432,0.015882,-0.041538,0.020769
2026-03-04T20:08:02.555532,0.502492,-3.474378,9.724431,0.021991,-0.039095,0.020769
2026-03-04T20:08:02.565532,0.550349,-3.421736,9.743573,0.025656,-0.045204,0.018325
2026-03-04T20:08:02.575532,0.555134,-3.431307,9.748359,0.023212,-0.046425,0.018325
2026-03-04T20:08:02.584532,0.535992,-3.388236,9.714859,0.020769,-0.042760,0.018325
2026-03-04T20:08:02.594532,0.502492,-3.493520,9.686145,0.018325,-0.040317,0.017104
2026-03-04T20:08:02.604532,0.559920,-3.445664,9.686145,0.017104,-0.039095,0.014660
2026-03-04T20:08:02.613532,0.497707,-3.522234,9.729216,0.020769,-0.040317,0.014660
2026-03-04T20:08:02.623532,0.535992,-3.483949,9.753144,0.024434,-0.042760,0.015882
2026-03-04T20:08:02.632532,0.473778,-3.440878,9.714859,0.024434,-0.043982,0.013439
2026-03-04T20:08:02.642532,0.583848,-3.440878,9.719645,0.026878,-0.042760,0.015882
2026-03-04T20:08:02.652532,0.569491,-3.393022,9.743573,0.023212,-0.041538,0.018325
2026-03-04T20:08:02.661532,0.531206,-3.440878,9.753144,0.019547,-0.043982,0.019547
2026-03-04T20:08:02.671532,0.540777,-3.416950,9.714859,0.014660,-0.043982,0.023212
2026-03-04T20:08:02.680532,0.526420,-3.421736,9.667003,0.013439,-0.045204,0.023212
2026-03-04T20:08:02.690532,0.526420,-3.436093,9.734002,0.009773,-0.042760,0.021991
2026-03-04T20:08:02.700532,0.512064,-3.507877,9.710074,0.009773,-0.040317,0.023212
2026-03-04T20:08:02.709532,0.459421,-3.455235,9.743573,0.017104,-0.039095,0.021991
2026-03-04T20:08:02.719532,0.502492,-3.498306,9.786644,0.019547,-0.043982,0.021991
2026-03-04T20:08:02.729532,0.454636,-3.493520,9.748359,0.021991,-0.045204,0.019547
2026-03-04T20:08:02.738532,0.555134,-3.445664,9.705288,0.019547,-0.046425,0.019547
2026-03-04T20:08:02.748532,0.526420,-3.431307,9.734002,0.018325,-0.043982,0.020769
2026-03-04T20:08:02.757532,0.545563,-3.421736,9.724431,0.017104,-0.041538,0.021991
2026-03-04T20:08:02.767532,0.512064,-3.450450,9.671788,0.017104,-0.042760,0.020769
2026-03-04T20:08:02.777532,0.526420,-3.431307,9.734002,0.015882,-0.045204,0.023212
2026-03-04T20:08:02.786532,0.559920,-3.421736,9.724431,0.013439,-0.043982,0.020769
2026-03-04T20:08:02.796532,0.507278,-3.455235,9.734002,0.012217,-0.040317,0.017104
2026-03-04T20:08:02.805532,0.531206,-3.493520,9.690931,0.012217,-0.042760,0.020769
2026-03-04T20:08:02.815532,0.521635,-3.483949,9.676574,0.018325,-0.041538,0.020769
2026-03-04T20:08:02.825532,0.483350,-3.436093,9.714859,0.018325,-0.042760,0.019547
2026-03-04T20:08:02.834532,0.569491,-3.474378,9.724431,0.017104,-0.046425,0.019547
2026-03-04T20:08:02.844532,0.454636,-3.479164,9.734002,0.019547,-0.045204,0.018325
2026-03-04T20:08:02.854532,0.521635,-3.436093,9.757930,0.019547,-0.045204,0.018325
2026-03-04T20:08:02.863532,0.555134,-3.445664,9.714859,0.019547,-0.043982,0.018325
2026-03-04T20:08:02.873532,0.512064,-3.464807,9.781858,0.019547,-0.043982,0.018325
2026-03-04T20:08:02.882532,0.526420,-3.431307,9.690931,0.018325,-0.041538,0.014660
2026-03-04T20:08:02.892532,0.512064,-3.493520,9.777073,0.017104,-0.042760,0.018325
2026-03-04T20:08:02.902532,0.512064,-3.460021,9.738787,0.021991,-0.041538,0.018325
2026-03-04T20:08:02.911532,0.502492,-3.416950,9.690931,0.024434,-0.043982,0.017104
2026-03-04T20:08:02.921532,0.540777,-3.402593,9.762716,0.023212,-0.041538,0.019547
2026-03-04T20:08:02.930532,0.497707,-3.464807,9.710074,0.023212,-0.042760,0.019547
2026-03-04T20:08:02.940532,0.545563,-3.426521,9.738787,0.021991,-0.045204,0.020769
2026-03-04T20:08:02.950532,0.521635,-3.450450,9.762716,0.017104,-0.042760,0.018325
2026-03-04T20:08:02.959532,0.473778,-3.474378,9.767501,0.018325,-0.041538,0.018325
2026-03-04T20:08:02.969532,0.512064,-3.479164,9.729216,0.017104,-0.040317,0.019547
2026-03-04T20:08:02.979532,0.502492,-3.522234,9.724431,0.018325,-0.040317,0.017104
2026-03-04T20:08:02.988532,0.521635,-3.503092,9.705288,0.023212,-0.043982,0.014660
2026-03-04T20:08:02.998532,0.564706,-3.498306,9.753144,0.024434,-0.046425,0.013439
2026-03-04T20:08:03.007532,0.526420,-3.460021,9.667003,0.023212,-0.045204,0.015882
2026-03-04T20:08:03.017532,0.526420,-3.436093,9.738787,0.025656,-0.042760,0.013439
2026-03-04T20:08:03.027532,0.483350,-3.474378,9.757930,0.023212,-0.043982,0.014660
2026-03-04T20:08:03.036532,0.526420,-3.493520,9.757930,0.024434,-0.041538,0.014660
2026-03-04T20:08:03.046532,0.497707,-3.440878,9.743573,0.028099,-0.043982,0.015882
2026-03-04T20:08:03.055532,0.516849,-3.383451,9.690931,0.032986,-0.041538,0.014660
2026-03-04T20:08:03.065532,0.516849,-3.412165,9.729216,0.030543,-0.046425,0.015882
2026-03-04T20:08:03.075532,0.602991,-3.440878,9.748359,0.020769,-0.042760,0.014660
2026-03-04T20:08:03.084532,0.535992,-3.431307,9.719645,0.014660,-0.041538,0.018325
2026-03-04T20:08:03.094532,0.507278,-3.431307,9.753144,0.015882,-0.040317,0.019547
2026-03-04T20:08:03.104532,0.502492,-3.455235,9.738787,0.019547,-0.041538,0.021991
2026-03-04T20:08:03.113532,0.492921,-3.445664,9.734002,0.020769,-0.042760,0.023212
2026-03-04T20:08:03.123532,0.555134,-3.388236,9.743573,0.018325,-0.043982,0.021991
2026-03-04T20:08:03.132532,0.507278,-3.431307,9.671788,0.018325,-0.045204,0.020769
2026-03-04T20:08:03.142532,0.531206,-3.436093,9.748359,0.019547,-0.043982,0.020769
2026-03-04T20:08:03.152532,0.488135,-3.479164,9.748359,0.018325,-0.040317,0.021991
2026-03-04T20:08:03.161532,0.459421,-3.498306,9.700502,0.015882,-0.041538,0.023212
2026-03-04T20:08:03.171532,0.492921,-3.445664,9.738787,0.017104,-0.043982,0.023212
2026-03-04T20:08:03.180532,0.497707,-3.445664,9.686145,0.014660,-0.046425,0.021991
2026-03-04T20:08:03.190532,0.531206,-3.469592,9.777073,0.012217,-0.045204,0.019547
2026-03-04T20:08:03.200532,0.535992,-3.436093,9.757930,0.012217,-0.043982,0.020769
2026-03-04T20:08:03.209532,0.574277,-3.450450,9.671788,0.014660,-0.042760,0.019547
2026-03-04T20:08:03.219532,0.516849,-3.483949,9.729216,0.020769,-0.042760,0.018325
2026-03-04T20:08:03.229532,0.516849,-3.460021,9.676574,0.028099,-0.042760,0.018325
2026-03-04T20:08:03.238532,0.555134,-3.426521,9.714859,0.029321,-0.042760,0.018325
2026-03-04T20:08:03.248532,0.516849,-3.445664,9.657432,0.026878,-0.041538,0.015882
2026-03-04T20:08:03.257532,0.521635,-3.397808,9.686145,0.024434,-0.043982,0.017104
2026-03-04T20:08:03.267532,0.531206,-3.407379,9.719645,0.021991,-0.046425,0.015882
2026-03-04T20:08:03.277532,0.516849,-3.455235,9.724431,0.023212,-0.048869,0.017104
2026-03-04T20:08:03.286532,0.550349,-3.397808,9.791430,0.015882,-0.045204,0.017104
2026-03-04T20:08:03.296532,0.512064,-3.421736,9.695717,0.017104,-0.041538,0.017104
2026-03-04T20:08:03.305532,0.502492,-3.464807,9.777073,0.019547,-0.041538,0.017104
2026-03-04T20:08:03.315532,0.540777,-3.483949,9.734002,0.021991,-0.042760,0.018325
2026-03-04T20:08:03.325532,0.526420,-3.440878,9.777073,0.020769,-0.043982,0.017104
2026-03-04T20:08:03.334532,0.526420,-3.421736,9.762716,0.019547,-0.042760,0.020769
2026-03-04T20:08:03.344532,0.516849,-3.450450,9.719645,0.015882,-0.041538,0.018325
2026-03-04T20:08:03.354532,0.497707,-3.426521,9.729216,0.014660,-0.042760,0.019547
2026-03-04T20:08:03.363532,0.531206,-3.431307,9.791430,0.017104,-0.042760,0.019547
2026-03-04T20:08:03.373532,0.516849,-3.483949,9.705288,0.020769,-0.045204,0.018325
2026-03-04T20:08:03.382532,0.526420,-3.436093,9.700502,0.023212,-0.045204,0.017104
2026-03-04T20:08:03.392532,0.526420,-3.436093,9.695717,0.021991,-0.042760,0.017104
2026-03-04T20:08:03.402532,0.488135,-3.474378,9.686145,0.021991,-0.043982,0.018325
2026-03-04T20:08:03.411532,0.545563,-3.436093,9.724431,0.021991,-0.042760,0.015882
2026-03-04T20:08:03.421532,0.559920,-3.445664,9.700502,0.021991,-0.041538,0.014660
2026-03-04T20:08:03.430532,0.521635,-3.421736,9.719645,0.024434,-0.042760,0.014660
2026-03-04T20:08:03.440532,0.521635,-3.402593,9.762716,0.023212,-0.043982,0.017104
2026-03-04T20:08:03.450532,0.550349,-3.426521,9.729216,0.026878,-0.043982,0.017104
2026-03-04T20:08:03.459532,0.540777,-3.455235,9.748359,0.020769,-0.042760,0.020769
2026-03-04T20:08:03.469532,0.497707,-3.445664,9.810572,0.015882,-0.041538,0.018325
2026-03-04T20:08:03.479532,0.583848,-3.416950,9.690931,0.014660,-0.041538,0.018325
2026-03-04T20:08:03.488532,0.516849,-3.431307,9.710074,0.010995,-0.041538,0.020769
2026-03-04T20:08:03.498532,0.531206,-3.493520,9.767501,0.006108,-0.041538,0.023212
2026-03-04T20:08:03.507532,0.535992,-3.536591,9.710074,0.012217,-0.041538,0.020769
2026-03-04T20:08:03.517532,0.478564,-3.488735,9.719645,0.019547,-0.041538,0.018325
2026-03-04T20:08:03.527532,0.526420,-3.546163,9.724431,0.025656,-0.045204,0.020769
2026-03-04T20:08:03.536532,0.516849,-3.455235,9.757930,0.028099,-0.045204,0.023212
2026-03-04T20:08:03.546532,0.502492,-3.335594,9.724431,0.021991,-0.043982,0.021991
2026-03-04T20:08:03.555532,0.588634,-3.321237,9.714859,0.012217,-0.045204,0.019547
2026-03-04T20:08:03.565532,0.550349,-3.440878,9.690931,0.008552,-0.040317,0.019547
2026-03-04T20:08:03.575532,0.545563,-3.445664,9.743573,0.012217,-0.039095,0.020769
2026-03-04T20:08:03.584532,0.540777,-3.431307,9.757930,0.015882,-0.043982,0.023212
2026-03-04T20:08:03.594532,0.526420,-3.488735,9.714859,0.018325,-0.043982,0.021991
2026-03-04T20:08:03.604532,0.531206,-3.455235,9.753144,0.019547,-0.045204,0.021991
2026-03-04T20:08:03.613532,0.521635,-3.503092,9.719645,0.019547,-0.045204,0.018325
2026-03-04T20:08:03.623532,0.512064,-3.445664,9.738787,0.019547,-0.041538,0.019547
2026-03-04T20:08:03.632532,0.483350,-3.450450,9.743573,0.018325,-0.042760,0.020769
2026-03-04T20:08:03.642532,0.497707,-3.412165,9.734002,0.019547,-0.043982,0.020769
2026-03-04T20:08:03.652532,0.502492,-3.474378,9.667003,0.020769,-0.045204,0.018325
2026-03-04T20:08:03.661532,0.497707,-3.460021,9.772287,0.023212,-0.045204,0.018325
2026-03-04T20:08:03.671532,0.555134,-3.421736,9.738787,0.023212,-0.043982,0.017104
2026-03-04T20:08:03.680532,0.535992,-3.474378,9.705288,0.020769,-0.041538,0.015882
2026-03-04T20:08:03.690532,0.526420,-3.397808,9.705288,0.018325,-0.041538,0.015882
2026-03-04T20:08:03.700532,0.526420,-3.474378,9.729216,0.018325,-0.042760,0.018325
2026-03-04T20:08:03.709532,0.535992,-3.479164,9.781858,0.017104,-0.043982,0.015882
2026-03-04T20:08:03.719532,0.502492,-3.469592,9.719645,0.020769,-0.043982,0.017104
2026-03-04T20:08:03.729532,0.569491,-3.450450,9.729216,0.021991,-0.043982,0.017104
2026-03-04T20:08:03.738532,0.540777,-3.512663,9.695717,0.024434,-0.043982,0.014660
2026-03-04T20:08:03.748532,0.502492,-3.455235,9.686145,0.026878,-0.042760,0.015882
2026-03-04T20:08:03.757532,0.531206,-3.450450,9.695717,0.024434,-0.041538,0.017104
2026-03-04T20:08:03.767532,0.550349,-3.450450,9.714859,0.019547,-0.041538,0.018325
2026-03-04T20:08:03.777532,0.559920,-3.440878,9.767501,0.020769,-0.042760,0.018325
2026-03-04T20:08:03.786532,0.492921,-3.450450,9.777073,0.020769,-0.042760,0.015882
2026-03-04T20:08:03.796532,0.497707,-3.445664,9.815358,0.020769,-0.043982,0.017104
2026-03-04T20:08:03.805532,0.483350,-3.431307,9.791430,0.021991,-0.042760,0.020769
2026-03-04T20:08:03.815532,0.483350,-3.416950,9.757930,0.019547,-0.041538,0.018325
2026-03-04T20:08:03.825532,0.598205,-3.498306,9.743573,0.018325,-0.041538,0.018325
2026-03-04T20:08:03.834532,0.488135,-3.421736,9.767501,0.021991,-0.041538,0.017104
2026-03-04T20:08:03.844532,0.550349,-3.445664,9.695717,0.024434,-0.040317,0.017104
2026-03-04T20:08:03.854532,0.526420,-3.416950,9.695717,0.025656,-0.045204,0.017104
2026-03-04T20:08:03.863532,0.488135,-3.440878,9.748359,0.021991,-0.045204,0.015882
2026-03-04T20:08:03.873532,0.526420,-3.412165,9.700502,0.018325,-0.043982,0.018325
2026-03-04T20:08:03.882532,0.574277,-3.450450,9.738787,0.018325,-0.042760,0.015882
2026-03-04T20:08:03.892532,0.507278,-3.440878,9.738787,0.017104,-0.041538,0.015882
2026-03-04T20:08:03.902532,0.497707,-3.407379,9.738787,0.023212,-0.040317,0.018325
2026-03-04T20:08:03.911532,0.535992,-3.407379,9.724431,0.025656,-0.042760,0.018325
2026-03-04T20:08:03.921532,0.492921,-3.416950,9.762716,0.023212,-0.043982,0.015882
2026-03-04T20:08:03.930532,0.555134,-3.397808,9.714859,0.021991,-0.043982,0.018325
2026-03-04T20:08:03.940532,0.540777,-3.460021,9.748359,0.017104,-0.041538,0.019547
2026-03-04T20:08:03.950532,0.531206,-3.464807,9.753144,0.014660,-0.037873,0.018325
2026-03-04T20:08:03.959532,0.483350,-3.455235,9.743573,0.013439,-0.037873,0.015882
2026-03-04T20:08:03.969532,0.507278,-3.445664,9.710074,0.019547,-0.039095,0.017104
2026-03-04T20:08:03.979532,0.502492,-3.498306,9.714859,0.020769,-0.041538,0.017104
2026-03-04T20:08:03.988532,0.521635,-3.416950,9.748359,0.023212,-0.045204,0.018325
2026-03-04T20:08:03.998532,0.512064,-3.402593,9.705288,0.020769,-0.045204,0.020769
2026-03-04T20:08:04.007532,0.531206,-3.421736,9.700502,0.023212,-0.042760,0.019547
2026-03-04T20:08:04.017532,0.531206,-3.436093,9.724431,0.015882,-0.041538,0.021991
2026-03-04T20:08:04.027532,0.535992,-3.483949,9.729216,0.017104,-0.042760,0.021991
2026-03-04T20:08:04.036532,0.569491,-3.474378,9.743573,0.020769,-0.043982,0.021991
2026-03-04T20:08:04.046532,0.507278,-3.503092,9.781858,0.019547,-0.045204,0.019547
2026-03-04T20:08:04.055532,0.516849,-3.426521,9.753144,0.021991,-0.040317,0.014660
2026-03-04T20:08:04.065532,0.464207,-3.498306,9.734002,0.020769,-0.037873,0.013439
2026-03-04T20:08:04.075532,0.473778,-3.483949,9.748359,0.025656,-0.040317,0.013439
2026-03-04T20:08:04.084532,0.526420,-3.416950,9.757930,0.028099,-0.045204,0.014660
2026-03-04T20:08:04.094532,0.569491,-3.436093,9.714859,0.030543,-0.046425,0.017104
2026-03-04T20:08:04.104532,0.540777,-3.383451,9.757930,0.028099,-0.046425,0.019547
2026-03-04T20:08:04.113532,0.555134,-3.416950,9.734002,0.018325,-0.043982,0.018325
2026-03-04T20:08:04.123532,0.564706,-3.455235,9.757930,0.014660,-0.041538,0.018325
2026-03-04T20:08:04.132532,0.540777,-3.426521,9.753144,0.014660,-0.040317,0.018325
2026-03-04T20:08:04.142532,0.507278,-3.455235,9.738787,0.014660,-0.042760,0.020769
2026-03-04T20:08:04.152532,0.454636,-3.488735,9.729216,0.015882,-0.043982,0.019547
2026-03-04T20:08:04.161532,0.521635,-3.436093,9.695717,0.017104,-0.045204,0.019547
2026-03-04T20:08:04.171532,0.497707,-3.464807,9.777073,0.019547,-0.045204,0.020769
2026-03-04T20:08:04.180532,0.535992,-3.426521,9.767501,0.020769,-0.045204,0.019547
2026-03-04T20:08:04.190532,0.516849,-3.483949,9.757930,0.021991,-0.045204,0.020769
2026-03-04T20:08:04.200532,0.521635,-3.426521,9.738787,0.021991,-0.043982,0.019547
2026-03-04T20:08:04.209532,0.550349,-3.388236,9.743573,0.018325,-0.042760,0.019547
2026-03-04T20:08:04.219532,0.559920,-3.445664,9.719645,0.018325,-0.042760,0.019547
2026-03-04T20:08:04.229532,0.531206,-3.469592,9.772287,0.020769,-0.041538,0.018325
2026-03-04T20:08:04.238532,0.540777,-3.460021,9.757930,0.020769,-0.041538,0.019547
2026-03-04T20:08:04.248532,0.468993,-3.469592,9.657432,0.018325,-0.043982,0.018325
2026-03-04T20:08:04.257532,0.473778,-3.445664,9.748359,0.018325,-0.045204,0.020769
2026-03-04T20:08:04.267532,0.564706,-3.397808,9.757930,0.018325,-0.043982,0.019547
2026-03-04T20:08:04.277532,0.540777,-3.450450,9.748359,0.019547,-0.042760,0.019547
2026-03-04T20:08:04.286532,0.555134,-3.474378,9.710074,0.017104,-0.042760,0.020769
2026-03-04T20:08:04.296532,0.535992,-3.483949,9.753144,0.020769,-0.046425,0.020769
2026-03-04T20:08:04.305532,0.516849,-3.388236,9.729216,0.019547,-0.045204,0.020769
2026-03-04T20:08:04.315532,0.531206,-3.460021,9.700502,0.015882,-0.042760,0.019547
2026-03-04T20:08:04.325532,0.535992,-3.455235,9.743573,0.019547,-0.040317,0.018325
2026-03-04T20:08:04.334532,0.521635,-3.431307,9.762716,0.023212,-0.039095,0.017104
2026-03-04T20:08:04.344532,0.516849,-3.483949,9.757930,0.029321,-0.042760,0.018325
2026-03-04T20:08:04.354532,0.521635,-3.431307,9.738787,0.034208,-0.043982,0.015882
2026-03-04T20:08:04.363532,0.559920,-3.522234,9.710074,0.036651,-0.045204,0.015882
2026-03-04T20:08:04.373532,0.531206,-3.416950,9.772287,0.037873,-0.050090,0.019547
2026-03-04T20:08:04.382532,0.564706,-3.373879,9.762716,0.030543,-0.046425,0.019547
2026-03-04T20:08:04.392532,0.550349,-3.359522,9.734002,0.021991,-0.043982,0.020769
2026-03-04T20:08:04.402532,0.488135,-3.421736,9.743573,0.012217,-0.043982,0.023212
2026-03-04T20:08:04.411532,0.492921,-3.464807,9.743573,0.010995,-0.041538,0.019547
2026-03-04T20:08:04.421532,0.535992,-3.483949,9.729216,0.014660,-0.040317,0.017104
2026-03-04T20:08:04.430532,0.492921,-3.546163,9.719645,0.028099,-0.041538,0.017104
2026-03-04T20:08:04.440532,0.521635,-3.503092,9.734002,0.037873,-0.042760,0.015882
2026-03-04T20:08:04.450532,0.464207,-3.469592,9.753144,0.042760,-0.043982,0.020769
2026-03-04T20:08:04.459532,0.569491,-3.464807,9.710074,0.047647,-0.046425,0.019547
2026-03-04T20:08:04.469532,0.535992,-3.378665,9.810572,0.043982,-0.047647,0.019547
2026-03-04T20:08:04.479532,0.579063,-3.431307,9.686145,0.035430,-0.043982,0.021991
2026-03-04T20:08:04.488532,0.521635,-3.407379,9.738787,0.030543,-0.042760,0.019547
2026-03-04T20:08:04.498532,0.521635,-3.440878,9.734002,0.018325,-0.042760,0.019547
2026-03-04T20:08:04.507532,0.512064,-3.431307,9.734002,0.021991,-0.041538,0.015882
2026-03-04T20:08:04.517532,0.545563,-3.455235,9.719645,0.028099,-0.041538,0.015882
2026-03-04T20:08:04.527532,0.531206,-3.479164,9.757930,0.032986,-0.040317,0.014660
2026-03-04T20:08:04.536532,0.540777,-3.436093,9.695717,0.035430,-0.042760,0.015882
2026-03-04T20:08:04.546532,0.516849,-3.407379,9.705288,0.034208,-0.043982,0.018325
2026-03-04T20:08:04.555532,0.502492,-3.397808,9.743573,0.032986,-0.045204,0.018325
2026-03-04T20:08:04.565532,0.564706,-3.388236,9.719645,0.026878,-0.046425,0.020769
2026-03-04T20:08:04.575532,0.574277,-3.421736,9.714859,0.025656,-0.042760,0.020769
2026-03-04T20:08:04.584532,0.569491,-3.407379,9.762716,0.028099,-0.041538,0.019547
2026-03-04T20:08:04.594532,0.545563,-3.460021,9.777073,0.026878,-0.043982,0.020769
2026-03-04T20:08:04.604532,0.497707,-3.412165,9.777073,0.024434,-0.045204,0.020769
2026-03-04T20:08:04.613532,0.507278,-3.407379,9.734002,0.021991,-0.043982,0.021991
2026-03-04T20:08:04.623532,0.540777,-3.440878,9.729216,0.023212,-0.046425,0.023212
2026-03-04T20:08:04.632532,0.526420,-3.522234,9.719645,0.028099,-0.047647,0.024434
2026-03-04T20:08:04.642532,0.555134,-3.536591,9.700502,0.040317,-0.052534,0.030543
2026-03-04T20:08:04.652532,0.550349,-3.574876,9.738787,0.054977,-0.050090,0.028099
2026-03-04T20:08:04.661532,0.526420,-3.546163,9.710074,0.078190,-0.048869,0.023212
2026-03-04T20:08:04.671532,0.531206,-3.694518,9.686145,0.106290,-0.051312,0.025656
2026-03-04T20:08:04.680532,0.531206,-3.775874,9.724431,0.149051,-0.057421,0.023212
2026-03-04T20:08:04.690532,0.526420,-3.852444,9.791430,0.211359,-0.058643,0.024434
2026-03-04T20:08:04.700532,0.579063,-3.986442,9.628718,0.263893,-0.059864,0.031764
2026-03-04T20:08:04.709532,0.521635,-3.885943,9.446863,0.333532,-0.072082,0.034208
2026-03-04T20:08:04.719532,0.516849,-3.522234,9.786644,0.449596,-0.076969,0.021991
2026-03-04T20:08:04.729532,0.512064,-3.306880,9.920642,0.481361,-0.084299,0.031764
2026-03-04T20:08:04.738532,0.507278,-3.120240,9.844072,0.503352,-0.089186,0.035430
2026-03-04T20:08:04.748532,0.545563,-3.005385,9.748359,0.487470,-0.095294,0.031764
2026-03-04T20:08:04.757532,0.540777,-3.081955,9.786644,0.444709,-0.112399,0.042760
2026-03-04T20:08:04.767532,0.646062,-3.292523,9.600004,0.386066,-0.120951,0.075747
2026-03-04T20:08:04.777532,0.617348,-3.479164,9.528219,0.408057,-0.129503,0.065973
2026-03-04T20:08:04.786532,0.660419,-3.560520,9.748359,0.447153,-0.152716,0.061086
2026-03-04T20:08:04.796532,0.593420,-3.574876,9.662217,0.399505,-0.158824,0.111177
2026-03-04T20:08:04.805532,0.689132,-3.282952,9.767501,0.464257,-0.136833,0.116064
2026-03-04T20:08:04.815532,0.622133,-2.976671,9.987641,0.516791,-0.098960,0.100181
2026-03-04T20:08:04.825532,0.488135,-2.818745,10.064211,0.552222,-0.095294,0.109955
2026-03-04T20:08:04.834532,0.507278,-2.450250,9.882357,0.515570,-0.116064,0.118507
2026-03-04T20:08:04.844532,0.550349,-2.593819,9.628718,0.448374,-0.117286,0.119729
2026-03-04T20:08:04.854532,0.631705,-2.435893,10.045069,0.420275,-0.117286,0.122173
2026-03-04T20:08:04.863532,0.693918,-2.469392,10.049854,0.334754,-0.118507,0.129503
2026-03-04T20:08:04.873532,0.684347,-2.435893,9.853643,0.328645,-0.085521,0.108733
2026-03-04T20:08:04.882532,0.607776,-2.325823,10.092925,0.349414,-0.063529,0.090408
2026-03-04T20:08:04.892532,0.507278,-2.388036,10.126425,0.351858,-0.058643,0.080634
2026-03-04T20:08:04.902532,0.507278,-2.517249,9.944570,0.338419,-0.064751,0.083077
2026-03-04T20:08:04.911532,0.588634,-2.445464,10.054640,0.329867,-0.084299,0.091629
2026-03-04T20:08:04.921532,0.669990,-2.340180,10.198209,0.284663,-0.084299,0.090408
2026-03-04T20:08:04.930532,0.650847,-2.100898,10.088140,0.254119,-0.067195,0.069638
2026-03-04T20:08:04.940532,0.574277,-1.981257,10.021141,0.226020,-0.053756,0.046425
2026-03-04T20:08:04.950532,0.579063,-1.861615,10.145567,0.193033,-0.054977,0.019547
2026-03-04T20:08:04.959532,0.607776,-1.722832,10.255637,0.127059,-0.064751,0.001221
2026-03-04T20:08:04.969532,0.679561,-1.636690,10.212566,0.014660,-0.059864,-0.018325
2026-03-04T20:08:04.979532,0.669990,-1.727617,10.116853,-0.127059,-0.034208,-0.042760
2026-03-04T20:08:04.988532,0.756131,-2.005185,10.097711,-0.251676,-0.009773,-0.063529
2026-03-04T20:08:04.998532,0.660419,-2.325823,9.978070,-0.326201,0.003665,-0.074525
2026-03-04T20:08:05.007532,0.650847,-2.512463,10.035497,-0.348193,0.002443,-0.076969
2026-03-04T20:08:05.017532,0.641276,-2.608176,10.001998,-0.340862,-0.007330,-0.081855
2026-03-04T20:08:05.027532,0.646062,-2.751745,10.006784,-0.324980,-0.015882,-0.079412
2026-03-04T20:08:05.036532,0.636490,-2.919243,9.906285,-0.318871,-0.018325,-0.068416
2026-03-04T20:08:05.046532,0.636490,-2.971885,9.934999,-0.291993,-0.018325,-0.054977
2026-03-04T20:08:05.055532,0.622133,-3.005385,9.877571,-0.265115,-0.018325,-0.040317
2026-03-04T20:08:05.065532,0.607776,-3.168097,9.734002,-0.230907,-0.025656,-0.019547
2026-03-04T20:08:05.075532,0.641276,-3.235096,9.834500,-0.166155,-0.040317,-0.001221
2026-03-04T20:08:05.084532,0.612562,-3.206382,9.853643,-0.095294,-0.052534,0.008552
2026-03-04T20:08:05.094532,0.602991,-3.101098,9.844072,-0.034208,-0.054977,0.014660
2026-03-04T20:08:05.104532,0.559920,-2.971885,9.920642,0.004886,-0.059864,0.018325
2026-03-04T20:08:05.113532,0.559920,-2.924029,9.987641,0.035430,-0.072082,0.018325
2026-03-04T20:08:05.123532,0.617348,-2.737389,9.954142,0.045204,-0.073303,0.017104
2026-03-04T20:08:05.132532,0.650847,-2.737389,9.968498,0.041538,-0.067195,0.013439
2026-03-04T20:08:05.142532,0.641276,-2.656033,9.958927,0.050090,-0.061086,0.006108
2026-03-04T20:08:05.152532,0.626919,-2.675175,9.978070,0.070860,-0.068416,-0.003665
2026-03-04T20:08:05.161532,0.650847,-2.584248,10.107282,0.111177,-0.084299,-0.012217
2026-03-04T20:08:05.171532,0.660419,-2.488535,10.159924,0.118507,-0.089186,-0.014660
2026-03-04T20:08:05.180532,0.746560,-2.407179,10.088140,0.097738,-0.081855,-0.013439
2026-03-04T20:08:05.190532,0.799202,-2.392822,10.049854,0.053756,-0.067195,-0.019547
2026-03-04T20:08:05.200532,0.741775,-2.411965,10.078568,-0.007330,-0.042760,-0.019547
2026-03-04T20:08:05.209532,0.636490,-2.541177,10.040283,-0.061086,-0.028099,-0.003665
2026-03-04T20:08:05.219532,0.617348,-2.517249,10.169496,-0.069638,-0.021991,-0.010995
2026-03-04T20:08:05.229532,0.602991,-2.421536,10.135996,-0.057421,-0.013439,-0.030543
2026-03-04T20:08:05.238532,0.655633,-2.268395,10.112068,-0.085521,-0.018325,-0.036651
2026-03-04T20:08:05.248532,0.713061,-2.062613,10.332207,-0.184481,-0.004886,-0.035430
2026-03-04T20:08:05.257532,0.789631,-1.852044,10.327422,-0.332310,0.025656,-0.036651
2026-03-04T20:08:05.267532,0.770488,-2.000399,10.045069,-0.493579,0.068416,-0.047647
2026-03-04T20:08:05.277532,0.535992,-2.388036,9.911071,-0.626747,0.080634,-0.045204
2026-03-04T20:08:05.286532,0.492921,-2.991028,9.475577,-0.712268,0.058643,-0.031764
2026-03-04T20:08:05.296532,0.555134,-3.694518,9.399007,-0.691499,0.020769,-0.024434
2026-03-04T20:08:05.305532,0.521635,-3.976871,9.652646,-0.582765,0.003665,-0.004886
2026-03-04T20:08:05.315532,0.535992,-3.766302,9.643075,-0.450818,0.006108,0.000000
2026-03-04T20:08:05.325532,0.684347,-3.689732,9.657432,-0.360410,-0.002443,0.006108
2026-03-04T20:08:05.334532,0.708275,-3.651447,9.595218,-0.322536,0.000000,0.019547
2026-03-04T20:08:05.344532,0.655633,-3.828516,9.485148,-0.280997,0.007330,0.040317
2026-03-04T20:08:05.354532,0.665204,-3.943371,9.681360,-0.193033,0.018325,0.037873
2026-03-04T20:08:05.363532,0.684347,-3.986442,9.719645,-0.101403,0.035430,0.039095
2026-03-04T20:08:05.373532,0.593420,-3.713660,9.619146,0.003665,0.056199,0.045204
2026-03-04T20:08:05.382532,0.588634,-3.546163,9.657432,0.013439,0.051312,0.080634
2026-03-04T20:08:05.392532,0.646062,-3.546163,9.844072,-0.028099,0.034208,0.118507
2026-03-04T20:08:05.402532,0.698704,-3.651447,9.949356,-0.074525,0.037873,0.146607
2026-03-04T20:08:05.411532,0.612562,-3.694518,9.863214,-0.087964,0.062308,0.167377
2026-03-04T20:08:05.421532,0.540777,-3.967299,9.834500,-0.091629,0.068416,0.207694
2026-03-04T20:08:05.430532,0.425922,-4.340580,9.915856,-0.047647,0.069638,0.251676
2026-03-04T20:08:05.440532,0.363709,-4.747360,9.863214,0.037873,0.087964,0.301767
2026-03-04T20:08:05.450532,0.339780,-5.111069,10.040283,0.185702,0.117286,0.343306
2026-03-04T20:08:05.459532,0.191425,-5.144568,10.246066,0.372627,0.150272,0.411723
2026-03-04T20:08:05.469532,-0.004785,-4.723431,9.978070,0.551000,0.169820,0.467922
2026-03-04T20:08:05.479532,-0.033499,-4.268795,8.317451,0.309097,0.130725,0.664621
2026-03-04T20:08:05.488532,0.339780,-4.034298,9.442077,-0.116064,0.014660,0.761137
2026-03-04T20:08:05.498532,0.277567,-4.804787,10.269994,-0.416610,0.177150,0.715933
2026-03-04T20:08:05.507532,-0.196211,-5.058426,8.729016,-0.423940,0.256563,0.736703
2026-03-04T20:08:05.517532,-0.569491,-4.900500,8.949156,-0.300545,0.172263,0.756251
2026-03-04T20:08:05.527532,-0.492921,-4.780859,9.140582,-0.180816,0.048869,0.757472
2026-03-04T20:08:05.536532,-0.263210,-4.331008,9.202795,-0.075747,-0.036651,0.783129
2026-03-04T20:08:05.546532,-0.057427,-3.847658,9.183653,-0.014660,-0.073303,0.788015
2026-03-04T20:08:05.555532,-0.033499,-3.397808,9.274580,-0.030543,-0.090408,0.788015
2026-03-04T20:08:05.565532,0.023928,-3.282952,9.183653,-0.078190,-0.102625,0.800233
2026-03-04T20:08:05.575532,0.090927,-3.311666,9.154939,-0.144164,-0.127059,0.825889
2026-03-04T20:08:05.584532,0.047856,-3.345165,9.265009,-0.167377,-0.156381,0.839328
2026-03-04T20:08:05.594532,0.157926,-3.316452,9.365507,-0.193033,-0.189368,0.839328
2026-03-04T20:08:05.604532,0.267996,-3.349951,9.547362,-0.228463,-0.215024,0.817337
2026-03-04T20:08:05.613532,0.311066,-3.292523,9.662217,-0.272445,-0.224798,0.790459
2026-03-04T20:08:05.623532,0.325423,-3.282952,9.533005,-0.311541,-0.223576,0.778242
2026-03-04T20:08:05.632532,0.143569,-3.239881,9.451649,-0.310319,-0.229685,0.768468
2026-03-04T20:08:05.642532,0.157926,-3.091526,9.619146,-0.323758,-0.245567,0.750142
2026-03-04T20:08:05.652532,0.071784,-2.909672,9.595218,-0.362853,-0.267558,0.723264
2026-03-04T20:08:05.661532,0.172283,-2.828316,9.848857,-0.420275,-0.291993,0.687834
2026-03-04T20:08:05.671532,0.239282,-2.914457,10.035497,-0.489913,-0.300545,0.648738
2026-03-04T20:08:05.680532,0.239282,-3.077169,10.030712,-0.557108,-0.301767,0.618195
2026-03-04T20:08:05.690532,0.263210,-3.230310,9.848857,-0.608421,-0.293215,0.587652
2026-03-04T20:08:05.700532,0.196211,-3.316452,9.710074,-0.604756,-0.296880,0.576656
2026-03-04T20:08:05.709532,0.229710,-3.426521,9.667003,-0.575434,-0.299323,0.547335
2026-03-04T20:08:05.719532,0.220139,-3.507877,9.710074,-0.510683,-0.295658,0.508239
2026-03-04T20:08:05.729532,0.133998,-3.560520,9.643075,-0.420275,-0.285884,0.456927
2026-03-04T20:08:05.738532,0.047856,-3.594019,9.480363,-0.311541,-0.285884,0.414166
2026-03-04T20:08:05.748532,0.023928,-3.455235,9.365507,-0.208915,-0.301767,0.384845
2026-03-04T20:08:05.757532,0.028713,-3.230310,9.298508,-0.139277,-0.332310,0.349414
2026-03-04T20:08:05.767532,0.248853,-2.967100,9.370293,-0.131946,-0.353080,0.318871
2026-03-04T20:08:05.777532,0.272781,-2.751745,9.360722,-0.188146,-0.353080,0.285884
2026-03-04T20:08:05.786532,0.277567,-2.718246,9.399007,-0.293215,-0.348193,0.255341
2026-03-04T20:08:05.796532,0.378065,-3.000599,9.485148,-0.405614,-0.331088,0.226020
2026-03-04T20:08:05.805532,0.392422,-3.483949,9.561719,-0.472809,-0.305432,0.202807
2026-03-04T20:08:05.815532,0.325423,-3.885943,9.757930,-0.436157,-0.283441,0.177150
2026-03-04T20:08:05.825532,0.344566,-4.144368,10.011569,-0.350636,-0.265115,0.155159
2026-03-04T20:08:05.834532,0.373280,-4.383651,10.174281,-0.211359,-0.248011,0.144164
2026-03-04T20:08:05.844532,0.392422,-4.220939,10.274780,-0.072082,-0.230907,0.135612
2026-03-04T20:08:05.854532,0.311066,-4.077369,10.135996,0.017104,-0.206472,0.125838
2026-03-04T20:08:05.863532,0.368494,-3.933800,10.198209,0.074525,-0.177150,0.114842
2026-03-04T20:08:05.873532,0.406779,-3.799802,10.054640,0.054977,-0.147829,0.102625
2026-03-04T20:08:05.882532,0.425922,-3.823730,9.891928,-0.003665,-0.118507,0.091629
2026-03-04T20:08:05.892532,0.411565,-3.885943,9.690931,-0.079412,-0.089186,0.079412
2026-03-04T20:08:05.902532,0.368494,-4.187439,9.552147,-0.136833,-0.065973,0.065973
2026-03-04T20:08:05.911532,0.248853,-4.474578,9.456434,-0.152716,-0.056199,0.048869
2026-03-04T20:08:05.921532,0.162711,-4.651647,9.384650,-0.125838,-0.065973,0.040317
2026-03-04T20:08:05.930532,0.162711,-4.670789,9.600004,-0.052534,-0.080634,0.037873
2026-03-04T20:08:05.940532,0.244067,-4.771288,9.489934,0.002443,-0.080634,0.047647
2026-03-04T20:08:05.950532,0.267996,-4.709074,9.437292,0.091629,-0.073303,0.061086
2026-03-04T20:08:05.959532,0.181854,-4.527220,9.442077,0.164933,-0.089186,0.056199
2026-03-04T20:08:05.969532,0.267996,-4.828716,9.547362,0.199142,-0.123394,0.057421
2026-03-04T20:08:05.979532,0.401994,-5.020141,9.844072,0.316428,-0.120951,0.059864
2026-03-04T20:08:05.988532,0.344566,-4.838287,9.585647,0.428827,-0.106290,0.081855
2026-03-04T20:08:05.998532,0.244067,-4.929214,9.360722,0.540004,-0.105068,0.090408
2026-03-04T20:08:06.007532,0.138783,-4.733003,9.442077,0.702494,-0.122173,0.084299
2026-03-04T20:08:06.017532,0.004785,-4.311866,9.389435,0.834441,-0.157603,0.062308
2026-03-04T20:08:06.027532,0.526420,-3.517449,8.432306,1.066570,-0.195476,0.001221
2026-03-04T20:08:06.036532,0.229710,-3.311666,9.623932,0.910189,-0.219911,0.065973
2026-03-04T20:08:06.046532,0.736989,-1.866401,11.954541,0.952949,-0.113620,-0.063529
2026-03-04T20:08:06.055532,0.732203,-2.292324,12.112468,0.346971,0.017104,-0.019547
2026-03-04T20:08:06.065532,0.847059,-2.450250,12.184252,0.113620,0.172263,-0.032986
2026-03-04T20:08:06.075532,0.851844,-3.000599,12.131610,-0.238237,0.301767,-0.018325
2026-03-04T20:08:06.084532,0.559920,-3.952942,11.016555,-0.345749,0.411723,0.013439
2026-03-04T20:08:06.094532,0.272781,-4.106083,9.877571,-0.215024,0.471587,0.015882
2026-03-04T20:08:06.104532,0.110069,-4.335794,9.030512,0.032986,0.432492,-0.002443
2026-03-04T20:08:06.113532,0.464207,-4.072584,9.518648,0.404392,0.323758,-0.062308
2026-03-04T20:08:06.123532,0.741775,-3.024527,10.298708,0.638964,0.356745,-0.114842
2026-03-04T20:08:06.132532,0.636490,-2.636890,10.514062,0.542448,0.443488,-0.136833
2026-03-04T20:08:06.142532,0.588634,-2.196611,10.844272,0.379958,0.526565,-0.185702
2026-03-04T20:08:06.152532,0.435493,-2.263610,10.652846,0.092851,0.579100,-0.194255
2026-03-04T20:08:06.161532,0.296710,-2.478964,10.159924,-0.084299,0.613308,-0.217467
2026-03-04T20:08:06.171532,0.196211,-2.565105,10.054640,-0.207694,0.636521,-0.252898
2026-03-04T20:08:06.180532,-0.033499,-2.914457,9.911071,-0.288328,0.658512,-0.289550
2026-03-04T20:08:06.190532,-0.071784,-3.101098,9.604789,-0.276111,0.673173,-0.329867
2026-03-04T20:08:06.200532,-0.258424,-3.120240,9.341579,-0.191811,0.663399,-0.376292
2026-03-04T20:08:06.209532,-0.315852,-2.995813,9.212367,-0.086742,0.641408,-0.423940
2026-03-04T20:08:06.219532,-0.378065,-2.871387,8.982656,0.004886,0.615752,-0.466700
2026-03-04T20:08:06.229532,-0.492921,-2.641676,8.834301,0.065973,0.585208,-0.513126
2026-03-04T20:08:06.238532,-0.531206,-2.426322,8.906085,0.076969,0.552222,-0.555887
2026-03-04T20:08:06.248532,-0.512064,-2.364108,8.848657,0.062308,0.522900,-0.604756
2026-03-04T20:08:06.257532,-0.641276,-2.378465,8.877371,0.053756,0.494800,-0.658512
2026-03-04T20:08:06.267532,-0.588634,-2.478964,8.839086,0.046425,0.458148,-0.707381
2026-03-04T20:08:06.277532,-0.555134,-2.603390,8.839086,0.051312,0.411723,-0.755029
2026-03-04T20:08:06.286532,-0.454636,-2.689532,8.843872,0.079412,0.360410,-0.806341
2026-03-04T20:08:06.296532,-0.368494,-2.746960,8.791230,0.127059,0.316428,-0.855211
2026-03-04T20:08:06.305532,-0.358923,-2.766102,8.729016,0.215024,0.285884,-0.908967
2026-03-04T20:08:06.315532,-0.339780,-2.598605,8.623732,0.300545,0.256563,-0.966388
2026-03-04T20:08:06.325532,-0.497707,-2.589034,8.350950,0.349414,0.217467,-1.011592
2026-03-04T20:08:06.334532,-0.564706,-2.555534,8.236095,0.377514,0.158824,-1.055574
2026-03-04T20:08:06.344532,-0.545563,-2.622533,8.389236,0.372627,0.070860,-1.094670
2026-03-04T20:08:06.354532,-0.373280,-2.632104,8.618947,0.332310,-0.015882,-1.128878
2026-03-04T20:08:06.363532,-0.196211,-2.589034,8.815158,0.262671,-0.067195,-1.154535
2026-03-04T20:08:06.373532,-0.090927,-2.766102,9.049655,0.146607,-0.095294,-1.167974
2026-03-04T20:08:06.382532,-0.086141,-3.110669,9.212367,0.031764,-0.114842,-1.172861
2026-03-04T20:08:06.392532,-0.057427,-3.608376,9.399007,-0.057421,-0.127059,-1.169195
2026-03-04T20:08:06.402532,-0.043070,-4.235296,9.217152,-0.101403,-0.136833,-1.161865
2026-03-04T20:08:06.411532,0.023928,-4.713860,9.126225,-0.030543,-0.141720,-1.174082
2026-03-04T20:08:06.421532,-0.038285,-4.962714,9.011369,0.084299,-0.157603,-1.145982
2026-03-04T20:08:06.430532,-0.186640,-4.843072,8.642875,0.168598,-0.186924,-1.106887
2026-03-04T20:08:06.440532,-0.421136,-4.632504,8.470592,0.200363,-0.233350,-1.067792
2026-03-04T20:08:06.450532,-0.497707,-4.484149,8.250452,0.139277,-0.301767,-1.018923
2026-03-04T20:08:06.459532,-0.339780,-4.642075,8.130811,0.040317,-0.376292,-0.988379
2026-03-04T20:08:06.469532,-0.272781,-4.957928,8.197810,-0.061086,-0.450818,-0.948062
2026-03-04T20:08:06.479532,-0.167497,-5.216353,8.121239,-0.153938,-0.509461,-0.897971
2026-03-04T20:08:06.488532,-0.066999,-5.527420,8.068597,-0.216246,-0.564439,-0.847880
2026-03-04T20:08:06.498532,0.765703,-3.359522,9.820143,-0.003665,-0.758694,-0.483805
2026-03-04T20:08:06.507532,2.565105,-6.005984,12.270394,-1.556484,-0.288328,-0.284663
2026-03-04T20:08:06.517532,2.742174,-15.357135,20.401205,-2.054950,0.119729,-0.342084
2026-03-04T20:08:06.527532,1.162911,-14.222937,18.884155,-0.745255,0.808785,0.028099
2026-03-04T20:08:06.536532,-1.651047,-7.374679,0.277567,0.259006,0.927293,0.345749
2026-03-04T20:08:06.546532,-2.991028,-3.694518,0.689132,0.662177,0.394618,0.189368
2026-03-04T20:08:06.555532,-2.861815,-6.340979,8.073383,0.466700,-0.327423,0.144164
2026-03-04T20:08:06.565532,-0.942772,-6.513263,11.236694,1.199739,-0.781907,0.124616
2026-03-04T20:08:06.575532,0.698704,-3.196810,10.293922,1.667661,-0.921184,0.144164
2026-03-04T20:08:06.584532,1.813759,-1.828116,8.910871,1.418428,-0.790459,0.142942
2026-03-04T20:08:06.594532,2.081755,-1.636690,9.537790,1.009149,-0.520457,0.125838
2026-03-04T20:08:06.604532,1.306481,-1.775474,9.982855,0.599869,-0.304210,0.130725
2026-03-04T20:08:06.613532,0.454636,-2.254038,9.863214,0.289550,-0.245567,0.160046
2026-03-04T20:08:06.623532,0.038285,-2.670390,10.633703,0.189368,-0.282219,0.155159
2026-03-04T20:08:06.632532,0.540777,-3.302095,11.748758,0.188146,-0.318871,0.171042
2026-03-04T20:08:06.642532,0.952343,-3.096312,10.624132,0.293215,-0.270002,0.178372
2026-03-04T20:08:06.652532,1.014556,-2.608176,9.834500,0.300545,-0.199142,0.164933
2026-03-04T20:08:06.661532,0.861416,-2.282752,9.738787,0.271224,-0.128281,0.133168
2026-03-04T20:08:06.671532,0.550349,-2.100898,9.810572,0.249232,-0.072082,0.098960
2026-03-04T20:08:06.680532,0.277567,-1.952543,10.179067,0.207694,-0.051312,0.057421
2026-03-04T20:08:06.690532,0.239282,-1.818545,10.451849,0.123394,-0.065973,0.020769
2026-03-04T20:08:06.700532,0.473778,-1.895115,10.188638,-0.018325,-0.079412,-0.017104
2026-03-04T20:08:06.709532,0.736989,-2.455035,9.762716,-0.162490,-0.056199,-0.051312
2026-03-04T20:08:06.719532,0.736989,-2.852244,9.834500,-0.251676,-0.012217,-0.086742
2026-03-04T20:08:06.729532,0.626919,-3.335594,9.872786,-0.313984,0.023212,-0.102625
2026-03-04T20:08:06.738532,0.555134,-3.689732,9.839286,-0.312762,0.030543,-0.097738
2026-03-04T20:08:06.748532,0.497707,-3.823730,9.724431,-0.278554,0.010995,-0.087964
2026-03-04T20:08:06.757532,0.521635,-4.067798,9.614361,-0.217467,-0.014660,-0.069638
2026-03-04T20:08:06.767532,0.516849,-4.058227,9.509077,-0.146607,-0.031764,-0.043982
2026-03-04T20:08:06.777532,0.488135,-4.048655,9.446863,-0.094073,-0.040317,-0.023212
2026-03-04T20:08:06.786532,0.445065,-4.048655,9.552147,-0.050090,-0.040317,-0.006108
2026-03-04T20:08:06.796532,0.416351,-4.125226,9.585647,-0.007330,-0.046425,0.019547
2026-03-04T20:08:06.805532,0.435493,-4.034298,9.556933,0.039095,-0.059864,0.040317
2026-03-04T20:08:06.815532,0.492921,-4.015156,9.523433,0.087964,-0.069638,0.064751
2026-03-04T20:08:06.825532,0.526420,-3.790230,9.566504,0.145385,-0.081855,0.079412
2026-03-04T20:08:06.834532,0.559920,-3.517449,9.743573,0.185702,-0.089186,0.086742
2026-03-04T20:08:06.844532,0.574277,-3.302095,9.762716,0.199142,-0.094073,0.089186
2026-03-04T20:08:06.854532,0.593420,-3.105883,9.791430,0.185702,-0.089186,0.086742
2026-03-04T20:08:06.863532,0.622133,-2.900100,9.853643,0.157603,-0.078190,0.084299
2026-03-04T20:08:06.873532,0.665204,-2.885744,9.949356,0.116064,-0.062308,0.072082
2026-03-04T20:08:06.882532,0.607776,-2.938386,9.934999,0.069638,-0.047647,0.063529
2026-03-04T20:08:06.892532,0.564706,-3.024527,9.781858,0.032986,-0.036651,0.057421
2026-03-04T20:08:06.902532,0.593420,-3.105883,9.791430,0.007330,-0.036651,0.043982
2026-03-04T20:08:06.911532,0.569491,-3.220739,9.729216,-0.015882,-0.039095,0.032986
2026-03-04T20:08:06.921532,0.545563,-3.287738,9.729216,-0.015882,-0.034208,0.024434
2026-03-04T20:08:06.930532,0.531206,-3.326023,9.791430,-0.012217,-0.036651,0.019547
2026-03-04T20:08:06.940532,0.545563,-3.359522,9.777073,-0.006108,-0.037873,0.015882
2026-03-04T20:08:06.950532,0.564706,-3.364308,9.781858,-0.003665,-0.040317,0.013439
2026-03-04T20:08:06.959532,0.531206,-3.330809,9.724431,-0.006108,-0.036651,0.012217
2026-03-04T20:08:06.969532,0.516849,-3.402593,9.748359,-0.010995,-0.035430,0.009773
2026-03-04T20:08:06.979532,0.473778,-3.493520,9.748359,-0.013439,-0.036651,0.013439
2026-03-04T20:08:06.988532,0.516849,-3.450450,9.786644,-0.007330,-0.036651,0.012217
2026-03-04T20:08:06.998532,0.569491,-3.512663,9.738787,0.001221,-0.037873,0.012217
2026-03-04T20:08:07.007532,0.545563,-3.488735,9.705288,0.014660,-0.042760,0.018325
2026-03-04T20:08:07.017532,0.569491,-3.536591,9.753144,0.030543,-0.045204,0.021991
2026-03-04T20:08:07.027532,0.526420,-3.479164,9.757930,0.046425,-0.048869,0.021991
2026-03-04T20:08:07.036532,0.545563,-3.393022,9.753144,0.052534,-0.050090,0.023212
2026-03-04T20:08:07.046532,0.531206,-3.321237,9.791430,0.051312,-0.050090,0.028099
2026-03-04T20:08:07.055532,0.569491,-3.316452,9.777073,0.046425,-0.051312,0.030543
2026-03-04T20:08:07.065532,0.516849,-3.287738,9.748359,0.036651,-0.047647,0.024434
2026-03-04T20:08:07.075532,0.579063,-3.287738,9.786644,0.024434,-0.046425,0.020769
2026-03-04T20:08:07.084532,0.545563,-3.330809,9.839286,0.012217,-0.043982,0.018325
2026-03-04T20:08:07.094532,0.617348,-3.402593,9.714859,0.007330,-0.040317,0.017104
2026-03-04T20:08:07.104532,0.559920,-3.373879,9.757930,0.013439,-0.040317,0.015882
2026-03-04T20:08:07.113532,0.468993,-3.407379,9.710074,0.015882,-0.037873,0.014660
2026-03-04T20:08:07.123532,0.531206,-3.335594,9.772287,0.023212,-0.037873,0.018325
2026-03-04T20:08:07.132532,0.507278,-3.330809,9.791430,0.024434,-0.039095,0.017104
2026-03-04T20:08:07.142532,0.535992,-3.330809,9.743573,0.013439,-0.040317,0.020769
2026-03-04T20:08:07.152532,0.626919,-3.349951,9.757930,0.007330,-0.041538,0.021991
2026-03-04T20:08:07.161532,0.612562,-3.340380,9.767501,0.001221,-0.041538,0.020769
2026-03-04T20:08:07.171532,0.579063,-3.378665,9.762716,-0.006108,-0.039095,0.023212
2026-03-04T20:08:07.180532,0.602991,-3.354737,9.738787,-0.007330,-0.039095,0.028099
2026-03-04T20:08:07.190532,0.540777,-3.397808,9.714859,0.000000,-0.036651,0.025656
2026-03-04T20:08:07.200532,0.526420,-3.455235,9.748359,0.017104,-0.039095,0.023212
2026-03-04T20:08:07.209532,0.526420,-3.369094,9.844072,0.057421,-0.043982,0.018325
2026-03-04T20:08:07.219532,0.531206,-3.297309,9.882357,0.064751,-0.047647,0.014660
2026-03-04T20:08:07.229532,0.540777,-3.263810,9.738787,0.052534,-0.046425,0.013439
2026-03-04T20:08:07.238532,0.564706,-3.302095,9.667003,0.029321,-0.042760,0.013439
2026-03-04T20:08:07.248532,0.526420,-3.364308,9.743573,0.009773,-0.037873,0.012217
2026-03-04T20:08:07.257532,0.526420,-3.445664,9.791430,0.012217,-0.040317,0.010995
2026-03-04T20:08:07.267532,0.535992,-3.431307,9.781858,0.026878,-0.037873,0.013439
2026-03-04T20:08:07.277532,0.502492,-3.321237,9.805787,0.046425,-0.041538,0.015882
2026-03-04T20:08:07.286532,0.617348,-3.335594,9.839286,0.043982,-0.042760,0.013439
2026-03-04T20:08:07.296532,0.564706,-3.239881,9.729216,0.026878,-0.045204,0.020769
2026-03-04T20:08:07.305532,0.540777,-3.268595,9.887142,0.026878,-0.039095,0.015882
2026-03-04T20:08:07.315532,0.559920,-3.273381,9.858429,0.013439,-0.034208,0.015882
2026-03-04T20:08:07.325532,0.593420,-3.383451,9.714859,-0.007330,-0.030543,0.023212
2026-03-04T20:08:07.334532,0.550349,-3.402593,9.652646,0.006108,-0.028099,0.019547
2026-03-04T20:08:07.344532,0.507278,-3.450450,9.623932,0.012217,-0.030543,0.018325
2026-03-04T20:08:07.354532,0.540777,-3.474378,9.729216,0.035430,-0.034208,0.017104
2026-03-04T20:08:07.363532,0.531206,-3.349951,9.820143,0.050090,-0.039095,0.017104
2026-03-04T20:08:07.373532,0.555134,-3.326023,9.738787,0.047647,-0.040317,0.017104
2026-03-04T20:08:07.382532,0.574277,-3.287738,9.762716,0.034208,-0.034208,0.017104
2026-03-04T20:08:07.392532,0.559920,-3.302095,9.772287,0.003665,-0.030543,0.018325
2026-03-04T20:08:07.402532,0.526420,-3.268595,9.781858,-0.006108,-0.026878,0.014660
2026-03-04T20:08:07.411532,0.478564,-3.369094,9.796215,-0.009773,-0.029321,0.017104
2026-03-04T20:08:07.421532,0.483350,-3.426521,9.729216,-0.009773,-0.031764,0.015882
2026-03-04T20:08:07.430532,0.535992,-3.421736,9.772287,-0.004886,-0.031764,0.014660
2026-03-04T20:08:07.440532,0.559920,-3.416950,9.700502,0.006108,-0.031764,0.014660
2026-03-04T20:08:07.450532,0.535992,-3.407379,9.753144,0.018325,-0.030543,0.013439
2026-03-04T20:08:07.459532,0.540777,-3.397808,9.710074,0.017104,-0.030543,0.014660
2026-03-04T20:08:07.469532,0.550349,-3.488735,9.600004,0.014660,-0.030543,0.013439
2026-03-04T20:08:07.479532,0.473778,-3.436093,9.724431,0.019547,-0.036651,0.012217
2026-03-04T20:08:07.488532,0.526420,-3.383451,9.772287,0.029321,-0.043982,0.013439
2026-03-04T20:08:07.498532,0.459421,-3.393022,9.753144,0.035430,-0.043982,0.018325
2026-03-04T20:08:07.507532,0.550349,-3.311666,9.738787,0.034208,-0.043982,0.019547
2026-03-04T20:08:07.517532,0.550349,-3.268595,9.762716,0.018325,-0.040317,0.021991
2026-03-04T20:08:07.527532,0.583848,-3.215953,9.791430,0.006108,-0.036651,0.020769
2026-03-04T20:08:07.536532,0.564706,-3.402593,9.810572,-0.001221,-0.031764,0.021991
2026-03-04T20:08:07.546532,0.512064,-3.412165,9.757930,-0.002443,-0.030543,0.021991
2026-03-04T20:08:07.555532,0.449850,-3.488735,9.772287,0.001221,-0.030543,0.024434
2026-03-04T20:08:07.565532,0.545563,-3.436093,9.786644,0.013439,-0.030543,0.024434
2026-03-04T20:08:07.575532,0.526420,-3.373879,9.820143,0.017104,-0.029321,0.024434
2026-03-04T20:08:07.584532,0.512064,-3.302095,9.820143,0.023212,-0.031764,0.025656
2026-03-04T20:08:07.594532,0.507278,-3.316452,9.796215,0.010995,-0.029321,0.026878
2026-03-04T20:08:07.604532,0.488135,-3.335594,9.714859,0.004886,-0.030543,0.024434
2026-03-04T20:08:07.613532,0.535992,-3.426521,9.738787,-0.001221,-0.029321,0.023212
2026-03-04T20:08:07.623532,0.507278,-3.421736,9.714859,0.009773,-0.031764,0.024434
2026-03-04T20:08:07.632532,0.497707,-3.426521,9.652646,0.020769,-0.037873,0.019547
2026-03-04T20:08:07.642532,0.497707,-3.445664,9.662217,0.023212,-0.046425,0.019547
2026-03-04T20:08:07.652532,0.488135,-3.455235,9.700502,0.029321,-0.051312,0.015882
2026-03-04T20:08:07.661532,0.492921,-3.359522,9.729216,0.043982,-0.056199,0.014660
2026-03-04T20:08:07.671532,0.526420,-3.273381,9.786644,0.052534,-0.053756,0.015882
2026-03-04T20:08:07.680532,0.521635,-3.192025,9.796215,0.042760,-0.048869,0.013439
2026-03-04T20:08:07.690532,0.497707,-3.168097,9.772287,0.014660,-0.041538,0.012217
2026-03-04T20:08:07.700532,0.579063,-3.254238,9.762716,-0.013439,-0.036651,0.010995
2026-03-04T20:08:07.709532,0.564706,-3.455235,9.824929,-0.030543,-0.035430,0.015882
2026-03-04T20:08:07.719532,0.516849,-3.498306,9.743573,-0.028099,-0.030543,0.020769
2026-03-04T20:08:07.729532,0.507278,-3.579662,9.757930,-0.013439,-0.031764,0.024434
2026-03-04T20:08:07.738532,0.488135,-3.498306,9.757930,0.001221,-0.036651,0.025656
2026-03-04T20:08:07.748532,0.478564,-3.407379,9.700502,0.001221,-0.041538,0.030543
2026-03-04T20:08:07.757532,0.512064,-3.388236,9.695717,-0.023212,-0.042760,0.036651
2026-03-04T20:08:07.767532,0.507278,-3.364308,9.777073,-0.043982,-0.036651,0.039095
2026-03-04T20:08:07.777532,0.454636,-3.498306,9.791430,-0.069638,-0.023212,0.048869
2026-03-04T20:08:07.786532,0.454636,-3.474378,9.643075,-0.048869,-0.021991,0.045204
2026-03-04T20:08:07.796532,0.483350,-3.493520,9.724431,-0.036651,-0.039095,0.046425
2026-03-04T20:08:07.805532,0.516849,-3.527020,9.781858,-0.018325,-0.045204,0.043982
2026-03-04T20:08:07.815532,0.579063,-3.397808,9.738787,-0.003665,-0.041538,0.043982
2026-03-04T20:08:07.825532,0.488135,-3.340380,9.681360,-0.004886,-0.032986,0.042760
2026-03-04T20:08:07.834532,0.516849,-3.354737,9.681360,-0.012217,-0.032986,0.041538
2026-03-04T20:08:07.844532,0.411565,-3.349951,9.772287,-0.009773,-0.037873,0.039095
2026-03-04T20:08:07.854532,0.468993,-3.349951,9.690931,-0.019547,-0.039095,0.037873
2026-03-04T20:08:07.863532,0.507278,-3.455235,9.633503,-0.030543,-0.040317,0.042760
2026-03-04T20:08:07.873532,0.507278,-3.431307,9.705288,-0.019547,-0.042760,0.042760
2026-03-04T20:08:07.882532,0.468993,-3.483949,9.729216,-0.024434,-0.041538,0.045204
2026-03-04T20:08:07.892532,0.483350,-3.493520,9.695717,-0.007330,-0.043982,0.039095
2026-03-04T20:08:07.902532,0.502492,-3.440878,9.676574,0.009773,-0.059864,0.034208
2026-03-04T20:08:07.911532,0.617348,-3.364308,9.820143,0.025656,-0.068416,0.029321
2026-03-04T20:08:07.921532,0.569491,-3.302095,9.839286,0.020769,-0.053756,0.028099
2026-03-04T20:08:07.930532,0.564706,-3.235096,9.705288,0.002443,-0.035430,0.024434
2026-03-04T20:08:07.940532,0.425922,-3.335594,9.710074,-0.035430,-0.030543,0.019547
2026-03-04T20:08:07.950532,0.440279,-3.483949,9.700502,-0.053756,-0.039095,0.018325
2026-03-04T20:08:07.959532,0.468993,-3.651447,9.657432,-0.072082,-0.047647,0.023212
2026-03-04T20:08:07.969532,0.483350,-3.723231,9.662217,-0.042760,-0.052534,0.021991
2026-03-04T20:08:07.979532,0.545563,-3.680161,9.734002,-0.002443,-0.056199,0.020769
2026-03-04T20:08:07.988532,0.516849,-3.574876,9.671788,0.028099,-0.056199,0.025656
2026-03-04T20:08:07.998532,0.483350,-3.488735,9.686145,0.042760,-0.053756,0.023212
2026-03-04T20:08:08.007532,0.497707,-3.450450,9.724431,0.053756,-0.054977,0.015882
2026-03-04T20:08:08.017532,0.550349,-3.244667,9.815358,0.047647,-0.061086,0.013439
2026-03-04T20:08:08.027532,0.521635,-3.278166,9.777073,0.023212,-0.063529,0.012217
2026-03-04T20:08:08.036532,0.502492,-3.278166,9.734002,-0.006108,-0.054977,0.010995
2026-03-04T20:08:08.046532,0.516849,-3.378665,9.695717,-0.036651,-0.048869,0.009773
2026-03-04T20:08:08.055532,0.521635,-3.589233,9.724431,-0.050090,-0.043982,0.010995
2026-03-04T20:08:08.065532,0.488135,-3.589233,9.724431,-0.029321,-0.045204,0.014660
2026-03-04T20:08:08.075532,0.468993,-3.622733,9.686145,-0.017104,-0.052534,0.019547
2026-03-04T20:08:08.084532,0.473778,-3.617947,9.619146,0.004886,-0.058643,0.021991
2026-03-04T20:08:08.094532,0.454636,-3.517449,9.686145,0.023212,-0.061086,0.020769
2026-03-04T20:08:08.104532,0.483350,-3.546163,9.714859,0.032986,-0.063529,0.024434
2026-03-04T20:08:08.113532,0.488135,-3.383451,9.805787,0.035430,-0.065973,0.026878
2026-03-04T20:08:08.123532,0.521635,-3.431307,9.757930,0.032986,-0.063529,0.021991
2026-03-04T20:08:08.132532,0.550349,-3.364308,9.767501,0.019547,-0.059864,0.020769
2026-03-04T20:08:08.142532,0.516849,-3.302095,9.695717,-0.003665,-0.059864,0.020769
2026-03-04T20:08:08.152532,0.564706,-3.340380,9.781858,-0.023212,-0.056199,0.014660
2026-03-04T20:08:08.161532,0.555134,-3.507877,9.786644,-0.037873,-0.052534,0.014660
2026-03-04T20:08:08.171532,0.507278,-3.589233,9.633503,-0.042760,-0.048869,0.014660
2026-03-04T20:08:08.180532,0.545563,-3.613162,9.623932,-0.025656,-0.046425,0.013439
2026-03-04T20:08:08.190532,0.507278,-3.661018,9.643075,-0.007330,-0.052534,0.013439
2026-03-04T20:08:08.200532,0.497707,-3.560520,9.652646,0.020769,-0.058643,0.014660
2026-03-04T20:08:08.209532,0.468993,-3.483949,9.767501,0.032986,-0.062308,0.014660
2026-03-04T20:08:08.219532,0.521635,-3.426521,9.767501,0.037873,-0.062308,0.013439
2026-03-04T20:08:08.229532,0.516849,-3.330809,9.738787,0.032986,-0.061086,0.015882
2026-03-04T20:08:08.238532,0.598205,-3.321237,9.772287,0.012217,-0.063529,0.018325
2026-03-04T20:08:08.248532,0.535992,-3.407379,9.777073,-0.014660,-0.054977,0.017104
2026-03-04T20:08:08.257532,0.550349,-3.407379,9.710074,-0.031764,-0.047647,0.015882
2026-03-04T20:08:08.267532,0.521635,-3.536591,9.753144,-0.036651,-0.042760,0.014660
2026-03-04T20:08:08.277532,0.488135,-3.503092,9.667003,-0.028099,-0.047647,0.015882
2026-03-04T20:08:08.286532,0.531206,-3.594019,9.676574,-0.019547,-0.051312,0.021991
2026-03-04T20:08:08.296532,0.507278,-3.656232,9.671788,-0.008552,-0.054977,0.021991
2026-03-04T20:08:08.305532,0.535992,-3.574876,9.614361,0.003665,-0.057421,0.023212
2026-03-04T20:08:08.315532,0.540777,-3.550948,9.700502,0.009773,-0.059864,0.020769
2026-03-04T20:08:08.325532,0.521635,-3.517449,9.710074,0.017104,-0.057421,0.021991
2026-03-04T20:08:08.334532,0.550349,-3.488735,9.729216,0.014660,-0.054977,0.021991
2026-03-04T20:08:08.344532,0.545563,-3.498306,9.695717,0.009773,-0.052534,0.020769
2026-03-04T20:08:08.354532,0.569491,-3.498306,9.690931,0.006108,-0.050090,0.017104
2026-03-04T20:08:08.363532,0.473778,-3.503092,9.786644,0.000000,-0.051312,0.017104
2026-03-04T20:08:08.373532,0.526420,-3.493520,9.719645,-0.003665,-0.053756,0.017104
2026-03-04T20:08:08.382532,0.507278,-3.536591,9.724431,0.001221,-0.052534,0.019547
2026-03-04T20:08:08.392532,0.569491,-3.550948,9.652646,-0.001221,-0.051312,0.019547
2026-03-04T20:08:08.402532,0.579063,-3.550948,9.652646,0.000000,-0.047647,0.021991
2026-03-04T20:08:08.411532,0.502492,-3.565305,9.647860,0.007330,-0.047647,0.020769
2026-03-04T20:08:08.421532,0.507278,-3.579662,9.695717,0.020769,-0.050090,0.015882
2026-03-04T20:08:08.430532,0.559920,-3.541377,9.695717,0.031764,-0.054977,0.018325
2026-03-04T20:08:08.440532,0.607776,-3.555734,9.719645,0.031764,-0.053756,0.018325
2026-03-04T20:08:08.450532,0.583848,-3.464807,9.734002,0.026878,-0.052534,0.017104
2026-03-04T20:08:08.459532,0.579063,-3.445664,9.729216,0.013439,-0.047647,0.014660
2026-03-04T20:08:08.469532,0.588634,-3.455235,9.695717,-0.003665,-0.046425,0.010995
2026-03-04T20:08:08.479532,0.574277,-3.527020,9.609575,-0.015882,-0.042760,0.012217
2026-03-04T20:08:08.488532,0.521635,-3.651447,9.628718,-0.018325,-0.043982,0.014660
2026-03-04T20:08:08.498532,0.526420,-3.680161,9.652646,-0.004886,-0.046425,0.014660
2026-03-04T20:08:08.507532,0.531206,-3.637090,9.695717,0.014660,-0.050090,0.019547
2026-03-04T20:08:08.517532,0.545563,-3.565305,9.777073,0.029321,-0.047647,0.018325
2026-03-04T20:08:08.527532,0.507278,-3.527020,9.681360,0.035430,-0.046425,0.019547
2026-03-04T20:08:08.536532,0.531206,-3.479164,9.690931,0.029321,-0.045204,0.017104
2026-03-04T20:08:08.546532,0.588634,-3.464807,9.705288,0.020769,-0.046425,0.018325
2026-03-04T20:08:08.555532,0.550349,-3.460021,9.719645,0.013439,-0.045204,0.017104
2026-03-04T20:08:08.565532,0.583848,-3.493520,9.734002,0.010995,-0.045204,0.019547
2026-03-04T20:08:08.575532,0.559920,-3.550948,9.714859,0.006108,-0.043982,0.019547
2026-03-04T20:08:08.584532,0.540777,-3.617947,9.710074,0.006108,-0.043982,0.019547
2026-03-04T20:08:08.594532,0.550349,-3.527020,9.695717,0.012217,-0.042760,0.020769
2026-03-04T20:08:08.604532,0.516849,-3.550948,9.686145,0.015882,-0.045204,0.020769
2026-03-04T20:08:08.613532,0.540777,-3.503092,9.719645,0.014660,-0.043982,0.020769
2026-03-04T20:08:08.623532,0.550349,-3.536591,9.734002,0.010995,-0.045204,0.021991
2026-03-04T20:08:08.632532,0.535992,-3.565305,9.643075,0.009773,-0.041538,0.020769
2026-03-04T20:08:08.642532,0.516849,-3.603590,9.676574,0.009773,-0.042760,0.020769
2026-03-04T20:08:08.652532,0.564706,-3.541377,9.671788,0.015882,-0.043982,0.021991
2026-03-04T20:08:08.661532,0.497707,-3.522234,9.686145,0.024434,-0.046425,0.021991
2026-03-04T20:08:08.671532,0.593420,-3.512663,9.724431,0.024434,-0.050090,0.023212
2026-03-04T20:08:08.680532,0.588634,-3.522234,9.690931,0.018325,-0.047647,0.023212
2026-03-04T20:08:08.690532,0.531206,-3.531806,9.700502,0.009773,-0.045204,0.023212
2026-03-04T20:08:08.700532,0.521635,-3.488735,9.719645,0.003665,-0.045204,0.025656
2026-03-04T20:08:08.709532,0.555134,-3.479164,9.719645,-0.002443,-0.046425,0.026878
2026-03-04T20:08:08.719532,0.535992,-3.546163,9.671788,-0.003665,-0.051312,0.025656
2026-03-04T20:08:08.729532,0.535992,-3.560520,9.662217,-0.001221,-0.050090,0.024434
2026-03-04T20:08:08.738532,0.583848,-3.622733,9.652646,0.002443,-0.048869,0.019547
2026-03-04T20:08:08.748532,0.531206,-3.632304,9.714859,0.008552,-0.048869,0.020769
2026-03-04T20:08:08.757532,0.535992,-3.613162,9.662217,0.017104,-0.047647,0.015882
2026-03-04T20:08:08.767532,0.507278,-3.565305,9.667003,0.020769,-0.050090,0.015882
2026-03-04T20:08:08.777532,0.540777,-3.550948,9.695717,0.021991,-0.052534,0.014660
2026-03-04T20:08:08.786532,0.540777,-3.536591,9.748359,0.024434,-0.057421,0.010995
2026-03-04T20:08:08.796532,0.559920,-3.469592,9.767501,0.017104,-0.057421,0.014660
2026-03-04T20:08:08.805532,0.593420,-3.498306,9.772287,0.007330,-0.048869,0.013439
2026-03-04T20:08:08.815532,0.535992,-3.527020,9.710074,0.001221,-0.042760,0.009773
2026-03-04T20:08:08.825532,0.612562,-3.613162,9.681360,0.003665,-0.037873,0.009773
2026-03-04T20:08:08.834532,0.550349,-3.589233,9.729216,0.004886,-0.035430,0.009773
2026-03-04T20:08:08.844532,0.531206,-3.617947,9.743573,0.003665,-0.031764,0.010995
2026-03-04T20:08:08.854532,0.492921,-3.641875,9.667003,0.000000,-0.028099,0.019547
2026-03-04T20:08:08.863532,0.512064,-3.670589,9.590432,0.002443,-0.034208,0.020769
2026-03-04T20:08:08.873532,0.588634,-3.699303,9.676574,0.018325,-0.046425,0.024434
2026-03-04T20:08:08.882532,0.598205,-3.627519,9.743573,0.036651,-0.050090,0.023212
2026-03-04T20:08:08.892532,0.598205,-3.517449,9.686145,0.051312,-0.041538,0.023212
2026-03-04T20:08:08.902532,0.559920,-3.507877,9.643075,0.045204,-0.028099,0.028099
2026-03-04T20:08:08.911532,0.516849,-3.565305,9.571290,0.028099,-0.020769,0.025656
2026-03-04T20:08:08.921532,0.502492,-3.608376,9.561719,0.015882,-0.023212,0.021991
2026-03-04T20:08:08.930532,0.497707,-3.694518,9.609575,0.028099,-0.039095,0.023212
2026-03-04T20:08:08.940532,0.545563,-3.603590,9.710074,0.053756,-0.047647,0.023212
2026-03-04T20:08:08.950532,0.593420,-3.460021,9.743573,0.065973,-0.051312,0.019547
2026-03-04T20:08:08.959532,0.598205,-3.431307,9.738787,0.054977,-0.043982,0.020769
2026-03-04T20:08:08.969532,0.579063,-3.421736,9.671788,0.028099,-0.035430,0.018325
2026-03-04T20:08:08.979532,0.550349,-3.431307,9.671788,0.012217,-0.034208,0.015882
2026-03-04T20:08:08.988532,0.512064,-3.479164,9.719645,0.001221,-0.031764,0.015882
2026-03-04T20:08:08.998532,0.526420,-3.522234,9.772287,-0.001221,-0.032986,0.014660
2026-03-04T20:08:09.007532,0.564706,-3.589233,9.734002,-0.002443,-0.037873,0.015882
2026-03-04T20:08:09.017532,0.564706,-3.622733,9.623932,-0.010995,-0.034208,0.014660
2026-03-04T20:08:09.027532,0.526420,-3.737588,9.590432,-0.008552,-0.029321,0.013439
2026-03-04T20:08:09.036532,0.502492,-3.756731,9.590432,0.003665,-0.030543,0.019547
2026-03-04T20:08:09.046532,0.521635,-3.737588,9.647860,0.030543,-0.040317,0.023212
2026-03-04T20:08:09.055532,0.531206,-3.665804,9.719645,0.061086,-0.050090,0.025656
2026-03-04T20:08:09.065532,0.535992,-3.445664,9.724431,0.075747,-0.053756,0.028099
2026-03-04T20:08:09.075532,0.574277,-3.326023,9.743573,0.068416,-0.048869,0.025656
2026-03-04T20:08:09.084532,0.631705,-3.416950,9.724431,0.036651,-0.041538,0.024434
2026-03-04T20:08:09.094532,0.583848,-3.431307,9.710074,0.009773,-0.030543,0.023212
2026-03-04T20:08:09.104532,0.550349,-3.512663,9.719645,-0.002443,-0.025656,0.020769
2026-03-04T20:08:09.113532,0.569491,-3.622733,9.743573,-0.004886,-0.024434,0.024434
2026-03-04T20:08:09.123532,0.559920,-3.603590,9.690931,0.008552,-0.029321,0.024434
2026-03-04T20:08:09.132532,0.502492,-3.594019,9.681360,0.020769,-0.037873,0.023212
2026-03-04T20:08:09.142532,0.559920,-3.560520,9.743573,0.029321,-0.040317,0.024434
2026-03-04T20:08:09.152532,0.593420,-3.445664,9.719645,0.025656,-0.036651,0.023212
2026-03-04T20:08:09.161532,0.593420,-3.531806,9.738787,0.013439,-0.030543,0.023212
2026-03-04T20:08:09.171532,0.545563,-3.560520,9.676574,-0.001221,-0.024434,0.025656