timestamp_ms,accel_x_g,accel_y_g,accel_z_g,gyro_x_dps,gyro_y_dps,gyro_z_dps,mag_x_uT,mag_y_uT,mag_z_uT
0,0.00058,0.01295,1.00522,0.328,0.418,-0.464,11.697,-3.994,37.71
20,-0.0057,0.00827,0.99204,-0.348,0.782,0.158,11.913,-4.558,37.329
40,-0.00618,0.00251,0.99848,-0.478,-0.235,0.31,12.294,-3.968,37.433
60,0.00714,-0.00402,1.03565,0.018,0.339,0.38,12.026,-4.277,37.265
80,0.00834,-0.00644,1.01062,-0.345,-0.625,-0.421,12.273,-4.253,37.284
100,0.00219,0.00449,1.01349,-0.332,-0.216,0.05,11.819,-4.189,37.757
120,0.00036,0.02843,0.98774,-0.756,-0.329,-0.187,12.396,-4.053,37.392
140,-0.00246,-0.00131,1.00277,-0.545,-0.609,-0.245,11.964,-4.389,37.345
160,0.02556,0.02297,1.01094,-0.143,0.291,0.367,12.032,-3.967,37.308
180,0.02359,0.0055,1.02547,0.501,0.11,-0.157,12.243,-4.727,37.617
200,-0.00267,0.00938,1.00467,0.623,-0.3,-0.951,12.071,-4.152,37.578
220,0.0161,-0.00415,0.99935,0.254,0.399,0.661,12.494,-4.331,37.28
240,0.00548,-0.00419,1.00626,0.538,0.261,0.08,12.07,-4.123,37.656
260,0.02166,0.00249,1.01868,-0.033,-0.605,-0.564,12.101,-4.419,37.794
280,0.02366,-0.0187,1.0128,-0.429,0.438,0.393,11.851,-4.1,37.505
300,0.01271,0.00827,1.00965,0.218,0.47,-0.437,11.862,-4.11,37.551
320,0.03178,-0.01309,1.01545,-0.238,-0.119,-0.169,11.752,-4.121,37.581
340,0.01809,0.00838,1.00433,-0.1,-0.129,-0.185,12.003,-4.137,37.629
360,0.02605,0.00603,1.0174,-0.436,0.013,-0.411,12.259,-4.114,37.351
380,0.03961,0.00211,1.01419,0.853,-0.87,-0.598,12.041,-3.979,37.528
400,0.01487,0.00696,1.02389,0.199,-0.147,-0.013,11.957,-4.1,37.501
420,0.01961,-0.01191,1.00497,-0.792,-0.506,0.817,11.985,-4.16,37.1
440,0.01523,-0.00832,1.02938,-0.701,0.54,-0.034,11.983,-4.21,37.681
460,0.02067,-0.00992,1.00555,0.405,-1.059,-0.661,12.262,-4.322,37.884
480,0.03314,-0.00747,1.01423,0.307,-0.3,0.059,11.893,-4.51,37.588
500,0.03021,0.0116,1.02778,0.437,0.288,-0.207,11.58,-3.966,37.197
520,0.00742,-0.00295,1.00498,-0.184,0.385,0.769,12.16,-4.438,37.43
540,0.03247,-0.02597,1.00794,-0.99,0.307,-0.194,11.838,-4.317,37.342
560,0.01205,-0.01153,1.013,0.466,-0.477,1.093,11.897,-4.536,37.637
580,0.00408,-0.01208,1.01277,0.041,0.327,-0.353,12.172,-4.375,37.387
600,-0.00042,-0.00622,1.03142,0.774,0.846,0.116,12.186,-4.118,37.482
620,0.01426,0.00544,1.0108,0.319,0.592,-0.296,12.094,-4.187,37.672
640,0.01554,-0.01365,1.0369,-0.194,0.047,-0.12,12.131,-4.22,37.654
660,0.01357,-0.00788,1.01619,0.248,-0.223,-0.297,12.016,-3.837,37.49
680,0.00634,-0.0146,1.04787,-0.028,-0.083,-0.292,12.195,-4.39,37.657
700,0.02329,-0.02015,1.01672,0.289,0.185,-0.465,12.401,-4.024,37.199
720,0.00511,-0.01584,1.00932,-0.087,-0.033,0.611,12.077,-4.177,37.358
740,0.01787,-0.02153,1.02703,0.124,0.837,-0.31,11.906,-4.426,37.659
760,0.00068,0.00055,1.03131,-0.115,0.344,0.675,12.139,-4.4,37.666
780,0.00985,-0.00191,1.02564,0.119,0.4,-0.266,11.725,-4.311,37.298
800,0.00459,-0.00542,1.02603,0.972,-0.384,-0.336,11.839,-4.214,37.605
820,-0.01252,0.00545,1.02748,0.042,-0.317,-0.14,12.057,-4.14,37.603
840,0.00084,-0.00425,1.03922,-0.46,1.539,-0.047,11.676,-3.827,37.485
860,0.0127,-0.00475,1.04065,-0.773,-1.177,-0.415,11.924,-4.052,37.569
880,0.01996,-0.00583,1.02412,0.032,0.009,-0.362,12.074,-4.145,37.587
900,0.01945,-0.03118,1.02028,0.746,-0.166,-0.171,12.258,-4.162,37.5
920,7e-05,0.01481,1.0387,0.54,-0.455,-0.285,12.333,-4.187,37.189
940,0.01249,0.002,1.04035,-0.521,0.258,0.491,12.004,-4.299,37.359
960,-0.00345,-0.00234,1.02197,0.065,-0.937,-0.194,12.01,-4.311,37.577
980,0.01159,0.0017,1.02312,0.628,0.194,0.875,12.237,-4.494,37.518
1000,0.01993,0.01149,1.01816,-0.229,-0.285,0.518,11.973,-3.907,37.556
1020,0.01518,0.00796,1.038,0.847,0.283,-0.487,11.753,-4.128,37.536
1040,-0.00105,0.00584,1.03786,-1.061,0.787,-0.233,12.508,-3.888,37.596
1060,0.0071,-0.00537,1.03111,0.058,0.5,-0.142,11.653,-4.074,37.513
1080,0.0087,-0.00734,1.00851,0.837,-0.762,0.754,12.074,-3.898,37.51
1100,-0.00172,0.0083,1.03832,-0.419,-0.21,-0.037,11.892,-3.994,37.644
1120,-0.01524,0.01972,1.03269,-0.617,0.065,-0.428,12.05,-4.401,37.484
1140,-0.02145,0.02459,0.99883,-0.177,-0.013,-0.256,11.923,-4.211,37.761
1160,0.00509,-0.00613,1.03082,-0.679,-0.02,0.049,12.014,-3.943,37.532
1180,-0.01606,0.01051,1.03461,-0.17,-0.578,0.256,11.683,-4.255,37.372
1200,0.00061,-0.00934,1.04613,-0.062,0.099,-0.344,12.238,-3.874,37.511
1220,-0.00738,0.00604,1.03789,0.136,-0.298,0.432,11.96,-3.872,37.766
1240,-0.01403,0.0029,1.0305,0.263,-0.693,0.327,12.068,-4.383,37.359
1260,-0.01914,0.01482,1.01532,-0.427,0.15,-1.1,12.202,-4.313,37.176
1280,0.00274,0.0082,1.03662,0.764,-0.758,-0.474,11.433,-4.217,37.688
1300,-0.01737,-0.00497,1.03491,0.349,0.214,-0.148,11.985,-4.18,37.827
1320,-0.01444,0.00188,1.02929,-0.544,0.696,-0.208,12.014,-3.816,37.66
1340,-0.00879,-0.00487,1.02864,0.105,-0.25,-0.023,12.345,-4.308,37.444
1360,-0.00382,0.00605,1.04071,-0.404,1.086,0.545,11.921,-4.268,37.563
1380,-0.01544,0.0044,1.02699,0.649,0.482,-0.034,11.973,-4.67,37.604
1400,-0.02125,0.02296,1.04879,0.178,-0.128,-0.565,11.678,-4.232,37.563
1420,-0.00946,0.02971,1.03071,0.132,-0.061,0.489,12.135,-4.415,37.455
1440,-0.02014,0.02093,1.01987,0.898,0.557,-0.765,12.253,-4.378,37.324
1460,-0.0386,0.01694,1.03472,-0.88,-0.413,-0.402,12.139,-4.717,37.406
1480,0.00294,0.01062,1.02818,-0.199,-0.469,0.528,11.898,-4.332,37.506
1500,-0.01573,0.01759,1.02523,0.743,0.003,0.207,11.737,-3.916,37.425
1520,-0.01762,0.0101,1.02391,-0.766,0.254,0.188,11.842,-4.236,37.392
1540,-0.0114,0.02797,1.0391,0.225,0.458,-0.451,11.806,-4.105,37.383
1560,-0.03217,0.01245,1.03388,-0.34,0.198,0.062,12.271,-3.953,37.331
1580,-0.00964,0.00647,1.02779,0.125,0.66,0.043,11.886,-4.324,37.886
1600,-0.00822,-0.00264,1.02206,-0.362,-0.462,0.333,11.92,-4.221,37.509
1620,-0.00571,0.00498,1.02082,0.528,-0.271,-0.022,11.979,-4.018,37.576
1640,-0.01315,-0.00106,1.03593,-0.423,-0.176,-0.035,12.119,-4.362,37.437
1660,-0.0152,0.00422,1.04301,-0.511,0.085,0.187,11.973,-4.147,37.643
1680,-0.01344,0.00972,1.01177,1.158,0.09,0.232,11.918,-3.617,37.539
1700,-0.02485,0.00378,1.03171,0.069,-0.243,-0.127,12.053,-3.995,37.573
1720,-0.02116,-0.00553,1.02955,-0.548,-0.661,-0.253,12.05,-4.048,37.329
1740,-0.00496,0.01291,1.02887,-0.043,0.145,-0.428,11.72,-4.362,37.63
1760,-0.00916,0.00028,1.01927,-0.657,-0.014,-0.614,12.299,-4.296,37.013
1780,-0.02017,8e-05,1.02995,0.85,0.057,-0.092,11.88,-4.079,37.245
1800,-0.00355,0.01203,1.01511,-0.107,0.911,-0.036,12.564,-4.27,37.34
1820,-0.00955,-0.01505,1.03548,-0.065,-0.495,0.056,12.005,-4.649,37.39
1840,-0.00238,-0.00351,1.03677,-0.261,-0.569,0.392,12.212,-3.957,37.435
1860,-0.02294,0.00726,1.01815,-0.612,0.391,0.366,12.254,-4.308,37.324
1880,0.01264,-0.00372,1.01781,-0.554,0.955,0.341,12.217,-3.954,37.652
1900,-0.02275,-0.01773,1.02695,0.305,0.383,-0.553,11.97,-4.204,37.576
1920,0.00466,-0.01253,1.01923,0.947,-0.622,-0.254,12.326,-4.465,37.336
1940,-0.00063,-0.00412,1.01046,-0.303,-0.346,0.032,12.005,-4.277,37.476
1960,-0.00525,-0.00753,1.01556,-0.585,0.667,-0.503,12.236,-4.34,37.696
1980,-0.00081,-0.01248,1.02218,-0.44,0.339,0.118,12.321,-4.198,37.405
2000,0.00907,0.01224,1.00052,0.698,0.707,0.529,11.895,-3.971,37.814
2020,0.01185,-0.0048,1.02453,0.132,-0.209,-0.896,11.588,-4.073,37.422
2040,0.0148,-0.01904,1.01215,-0.057,0.289,0.959,11.9,-4.053,37.433
2060,-0.0012,-0.00805,1.02137,-0.235,-0.108,-0.455,12.062,-3.852,37.539
2080,-0.00878,-0.00909,1.00891,-0.522,-0.593,0.813,11.926,-4.301,37.139
2100,-0.00351,-0.01359,1.02029,-0.711,0.408,0.673,11.922,-4.339,37.605
2120,0.01508,-0.02359,1.01639,0.143,-0.427,0.745,11.721,-4.301,37.387
2140,-0.00203,-0.01015,1.01697,0.585,0.067,-0.18,11.674,-4.003,37.359
2160,0.00071,0.00152,0.99663,0.772,-0.18,0.898,11.973,-3.728,37.527
2180,0.03111,0.00868,1.03759,-0.471,-1.256,-0.159,11.888,-4.491,37.25
2200,0.00971,-0.01083,1.00247,0.089,0.141,0.063,12.039,-4.082,37.495
2220,0.01036,-0.01801,1.01682,0.496,-1.079,-0.745,12.344,-4.033,37.593
2240,0.02847,-0.00336,1.00725,-0.481,-0.078,0.053,12.206,-4.394,37.289
2260,0.0109,-0.00472,1.01177,0.047,0.159,0.602,12.245,-4.011,37.65
2280,0.02442,-0.01617,1.00561,-0.192,-0.567,-0.395,12.065,-3.542,37.776
2300,0.01541,-0.01224,1.01765,-0.063,-0.295,-0.401,11.896,-4.125,37.657
2320,0.00951,-0.01518,1.02534,-0.183,-0.106,-0.407,12.239,-4.132,37.434
2340,0.02156,-0.00071,1.02999,0.768,-0.735,0.486,11.804,-4.528,37.418
2360,0.01424,-0.01168,0.98894,0.011,0.169,-0.185,11.932,-4.618,37.106
2380,0.02334,0.00371,0.99724,-0.045,0.624,-0.051,11.935,-4.539,37.844
2400,0.01747,-0.002,1.00911,-0.128,0.598,0.152,11.896,-3.87,37.665
2420,0.02137,-0.00542,0.99137,-1.082,-0.263,-0.128,11.905,-4.182,37.332
2440,0.01599,-0.00159,0.99921,0.368,0.093,0.052,12.106,-4.187,37.644
2460,0.02033,0.0094,1.00525,-0.188,0.471,-1.416,11.918,-4.007,37.711
2480,0.01617,0.00815,1.01911,0.023,0.112,-0.297,12.109,-4.443,36.846
2500,0.01426,-0.00447,0.99244,0.22,0.823,-0.786,12.468,-4.246,37.408
2520,-0.00575,-0.00452,0.9915,-0.917,0.631,0.617,11.587,-4.309,37.583
2540,0.00123,0.00495,0.99868,0.37,0.226,0.108,11.742,-4.043,37.443
2560,0.01586,0.01309,1.01663,0.129,0.139,-1.18,12.133,-4.06,37.679
2580,0.02145,-0.0007,0.9951,-0.64,0.29,0.671,11.739,-4.36,37.415
2600,0.0097,0.01605,1.00875,0.231,-0.004,-0.227,11.891,-3.922,37.349
2620,0.01555,0.0048,0.99425,-0.13,-0.113,0.173,11.885,-4.167,37.54
2640,0.02397,-0.0013,0.97639,0.2,0.048,0.646,11.925,-4.402,37.333
2660,0.01735,0.0108,0.99889,-0.52,-0.389,0.393,11.711,-4.135,37.354
2680,0.02597,0.00457,1.00202,0.534,-0.82,0.347,12.056,-4.024,37.745
2700,0.01106,0.00563,0.99403,0.044,0.853,0.058,11.9,-4.02,37.697
2720,0.01573,0.00196,0.99181,-0.526,0.343,-0.828,11.89,-4.069,37.479
2740,0.0332,0.00559,0.9955,0.834,0.855,0.683,11.964,-4.033,37.873
2760,0.00908,0.01576,0.99274,0.164,-0.013,0.342,12.384,-4.295,37.567
2780,0.01572,0.00777,0.99942,0.171,0.233,0.232,12.097,-3.911,37.152
2800,0.008,0.00524,0.97766,0.589,0.496,-0.42,11.949,-4.323,37.749
2820,0.02442,0.01515,0.97858,0.02,0.409,1.083,12.264,-4.137,37.617
2840,0.0233,0.02187,0.97893,-0.043,0.132,-0.385,11.991,-3.953,37.655
2860,0.0171,0.00796,0.99086,-0.181,0.318,0.523,11.776,-3.908,37.408
2880,0.01401,0.0106,0.989,0.517,0.463,-0.21,11.849,-4.527,37.581
2900,0.01295,0.0274,0.99762,0.461,-0.226,-0.058,11.943,-3.677,37.544
2920,0.01175,0.01333,0.97539,-0.462,0.065,0.049,12.084,-4.272,37.498
2940,0.00477,0.01117,0.98478,0.198,-0.387,0.406,11.81,-4.202,37.567
2960,0.0077,0.0377,0.98851,0.384,0.774,-0.431,11.999,-4.173,37.343
2980,0.00682,0.01031,0.99073,-0.121,0.23,-0.106,11.364,-4.132,37.518
3000,-0.01399,0.24612,1.36511,-3.41,16.397,6.177,10.704,-4.393,35.81
3020,0.05838,0.24673,1.32558,6.163,19.631,9.518,10.845,-4.347,36.478
3040,0.12781,0.29983,1.32367,12.498,20.335,14.118,11.315,-4.962,36.457
3060,0.18689,0.33155,1.26532,14.347,18.907,14.046,11.021,-4.675,36.095
3080,0.22631,0.3368,1.24155,22.881,22.113,12.292,11.611,-4.53,36.039
3100,0.28725,0.35922,1.21232,22.422,20.752,15.814,10.633,-4.633,36.476
3120,0.34508,0.37124,1.11135,31.99,20.248,12.622,11.09,-4.803,36.555
3140,0.3749,0.3341,1.13547,28.795,17.767,15.871,11.395,-4.398,36.394
3160,0.34737,0.31681,1.07781,33.5,13.419,13.761,10.893,-4.944,36.262
3180,0.37453,0.29111,0.96477,34.046,13.442,15.131,11.257,-4.47,36.34
3200,0.41372,0.2718,0.88832,34.402,8.524,10.228,11.871,-4.732,36.554
3220,0.38781,0.23805,0.80084,33.279,10.577,11.152,11.317,-4.579,36.575
3240,0.36562,0.19324,0.69918,33.482,3.166,10.064,11.182,-4.904,36.436
3260,0.3713,0.13816,0.6678,32.567,0.503,10.913,11.569,-4.553,36.367
3280,0.348,0.13327,0.62676,30.473,-1.853,7.266,11.403,-4.05,36.517
3300,0.31559,0.00636,0.48289,27.202,-2.067,4.16,11.382,-5.01,36.186
3320,0.27651,-0.02834,0.49825,23.796,-5.968,3.929,11.369,-4.688,36.739
3340,0.24276,-0.06685,0.46242,19.341,-9.512,2.146,11.823,-4.578,36.68
3360,0.17311,-0.13785,0.37461,13.032,-10.88,-1.299,11.499,-4.436,36.161
3380,0.12051,-0.15545,0.33638,11.016,-14.742,-4.398,11.327,-4.99,36.121
3400,0.01667,-0.20791,0.35145,3.865,-16.647,-2.318,11.478,-4.763,36.571
3420,-0.0185,-0.26595,0.37548,-1.704,-15.762,-5.75,11.428,-4.348,36.209
3440,-0.05246,-0.3053,0.35981,-7.541,-18.667,-10.211,11.345,-4.647,36.672
3460,-0.15732,-0.30537,0.36177,-7.305,-19.563,-9.386,11.247,-5.055,36.5
3480,-0.22868,-0.33001,0.40963,-16.295,-20.273,-12.19,11.781,-4.656,36.908
3500,-0.23253,-0.33649,0.43714,-19.54,-20.483,-17.063,11.563,-4.758,36.786
3520,-0.27154,-0.35815,0.4849,-24.841,-21.785,-15.323,10.865,-4.605,36.249
3540,-0.33094,-0.35016,0.54444,-28.765,-19.523,-13.788,11.816,-4.704,36.206
3560,-0.356,-0.31258,0.63393,-33.662,-17.784,-14.66,11.357,-4.888,35.978
3580,-0.39701,-0.31102,0.66228,-30.377,-16.626,-15.944,11.448,-4.783,36.085
3600,-0.39426,-0.29862,0.76643,-36.586,-12.637,-12.647,11.48,-5.192,36.116
3620,-0.42131,-0.25513,0.82528,-36.324,-9.403,-14.284,11.72,-4.691,36.44
3640,-0.39236,-0.20662,0.92741,-35.569,-8.507,-11.917,11.612,-4.751,36.316
3660,-0.37005,-0.18434,0.96845,-34.857,-7.113,-8.841,11.397,-4.729,36.311
3680,-0.34868,-0.14203,1.03791,-32.034,-1.017,-8.214,11.273,-4.627,36.125
3700,-0.36482,-0.08422,1.08786,-30.137,0.257,-8.409,11.664,-4.949,36.127
3720,-0.29628,-0.02614,1.16348,-25.743,5.004,-3.422,11.473,-5.135,36.252
3740,-0.24688,0.0485,1.24769,-23.047,7.02,-0.79,11.565,-4.937,35.819
3760,-0.21683,0.06982,1.2773,-17.828,11.303,0.811,11.417,-5.182,35.607
3780,-0.15142,0.12409,1.28763,-12.863,12.208,3.232,11.545,-5.012,35.954
3800,-0.10624,0.16247,1.33553,-8.466,15.405,3.205,11.178,-4.803,35.888
3820,-0.05754,0.20736,1.33714,-2.286,16.243,4.528,10.609,-5.115,35.999
3840,0.01755,0.26838,1.36525,-0.603,18.159,6.652,11.42,-5.081,36.24
3860,0.08262,0.2905,1.37017,8.151,18.119,12.015,10.642,-5.101,36.057
3880,0.16402,0.31507,1.31331,11.845,19.627,10.64,10.92,-4.77,35.667
3900,0.18117,0.34524,1.27434,16.314,21.734,14.487,11.633,-5.019,36.036
3920,0.23482,0.35421,1.25289,21.785,21.849,13.045,10.793,-4.712,35.586
3940,0.29413,0.37023,1.22318,26.969,20.098,17.524,11.392,-5.403,35.84
3960,0.34788,0.31405,1.12934,28.495,16.266,13.845,11.071,-4.713,35.633
3980,0.35374,0.34544,1.06855,29.323,17.809,14.552,11.231,-4.886,36.348
4000,0.41791,0.31995,0.98482,34.346,14.513,14.437,10.851,-5.278,35.493
4019,0.40786,0.26348,0.92004,35.369,12.022,11.834,11.292,-4.744,35.533
4040,0.39027,0.2235,0.85401,33.196,9.441,15.426,11.03,-5.221,35.55
4059,0.3836,0.21136,0.73249,33.798,6.185,10.08,10.995,-4.954,35.876
4080,0.38139,0.19179,0.7142,35.106,2.96,9.877,10.584,-5.419,35.053
4100,0.36403,0.10731,0.64214,30.349,3.533,5.815,11.066,-5.103,35.626
4120,0.34301,0.06917,0.53457,27.748,-1.892,7.416,11.494,-4.779,36.006
4140,0.28388,0.01649,0.51399,24.294,-5.777,2.814,10.623,-4.976,35.269
4160,0.22873,-0.067,0.46848,22.407,-6.982,0.549,10.455,-4.948,36.341
4180,0.20992,-0.07976,0.41051,18.828,-8.262,0.558,10.45,-5.428,35.546
4200,0.14219,-0.14881,0.36422,13.56,-15.273,-2.587,9.934,-5.173,35.115
4220,0.06718,-0.18835,0.37218,6.693,-13.166,-3.834,11.071,-4.644,36.027
4240,0.0199,-0.23635,0.35633,2.128,-15.069,-5.972,10.219,-4.848,35.456
4260,-0.00687,-0.25969,0.38897,-1.3,-17.115,-9.982,10.847,-4.917,35.594
4280,-0.11645,-0.29271,0.37414,-7.127,-18.963,-8.68,11.144,-5.078,36.009
4300,-0.15221,-0.32387,0.40849,-12.163,-21.976,-13.048,10.267,-5.353,35.697
4320,-0.22951,-0.36412,0.42157,-17.294,-20.773,-12.769,11.098,-5.035,35.732
4340,-0.24281,-0.33795,0.4712,-22.135,-19.059,-13.387,10.572,-4.779,35.538
4360,-0.28169,-0.35689,0.5263,-27.693,-19.114,-14.938,10.454,-5.141,35.669
4380,-0.33775,-0.33177,0.54524,-29.674,-17.086,-11.774,10.968,-4.436,35.636
4400,-0.36482,-0.33939,0.64116,-30.802,-17.315,-18.393,10.516,-4.796,35.846
4420,-0.40306,-0.29138,0.73903,-33.347,-14.094,-12.797,11.054,-4.735,35.816
4440,-0.38213,-0.27542,0.75049,-34.463,-11.392,-12.136,10.26,-4.657,35.646
4460,-0.38941,-0.2659,0.82338,-35.914,-8.551,-13.019,10.388,-4.912,35.305
4480,-0.39913,-0.18772,0.94327,-34.094,-6.638,-10.868,10.768,-4.924,36.185
4500,-0.34681,-0.14663,1.0132,-32.689,-6.443,-8.386,10.373,-5.203,35.647
4520,-0.36374,-0.10073,1.07105,-32.273,-2.112,-9.65,10.508,-4.946,36.153
4540,-0.32931,-0.05651,1.15888,-28.938,3.53,-6.707,10.194,-4.78,36.065
4560,-0.29495,0.0005,1.19489,-23.504,4.459,-3.404,10.155,-4.435,35.736
4580,-0.22184,0.04661,1.20069,-22.307,7.063,2.129,10.235,-4.215,35.512
4600,-0.20493,0.10384,1.26666,-16.781,11.305,2.007,10.37,-5.009,35.52
4620,-0.11992,0.15507,1.28554,-13.222,13.367,5.129,10.312,-4.365,36.08
4640,-0.09994,0.1897,1.35609,-10.242,15.094,6.084,10.11,-4.674,35.761
4660,-0.04409,0.23326,1.32715,-1.974,18.147,5.941,10.396,-4.614,36.066
4680,0.03205,0.25373,1.36059,3.868,18.793,9.32,10.446,-4.484,35.736
4700,0.09891,0.32371,1.33881,9.27,19.545,11.066,10.847,-4.495,35.731
4720,0.1589,0.3278,1.2845,14.295,20.409,9.885,10.61,-4.79,35.912
4740,0.20455,0.34459,1.29434,17.526,18.105,15.052,10.768,-4.359,36.596
4760,0.26619,0.35042,1.2441,22.994,19.512,14.65,10.524,-4.882,35.764
4780,0.30494,0.35183,1.14181,26.558,18.396,13.775,10.555,-4.446,35.849
4800,0.33745,0.3434,1.09519,29.273,14.698,12.618,10.127,-4.001,36.215
4820,0.34829,0.33924,1.06148,30.573,15.345,16.044,10.791,-4.641,36.309
4840,0.38907,0.29283,0.97683,34.717,13.584,15.758,11.066,-4.364,36.292
4860,0.394,0.27409,0.91701,34.835,11.147,14.46,10.557,-4.335,36.542
4880,0.41163,0.23659,0.85698,35.519,9.354,11.982,10.892,-4.168,36.076
4900,0.40603,0.19654,0.78445,32.651,7.29,11.482,11.069,-3.899,35.996
4920,0.36525,0.14902,0.69952,33.089,5.483,14.208,11.189,-3.939,35.951
4940,0.39636,0.07766,0.60279,30.456,1.852,10.042,11.528,-5.011,36.31
4960,0.32763,0.04693,0.54324,29.938,-2.68,3.662,11.235,-4.193,36.283
4980,0.29013,0.02076,0.4829,23.826,-5.079,1.602,10.939,-4.999,36.35
5000,0.25686,-0.04864,0.41391,20.861,-6.759,-2.998,11.05,-4.181,35.76
5020,0.1734,-0.11713,0.39357,18.134,-10.832,0.803,11.099,-4.838,35.733
5040,0.11501,-0.16507,0.36437,10.698,-13.583,-1.63,11.055,-4.834,36.399
5060,0.10768,-0.17717,0.36797,2.688,-16.581,-5.075,11.276,-4.524,36.412
5080,0.01864,-0.2533,0.33995,0.706,-18.982,-7.484,11.077,-4.201,36.339
5100,-0.04457,-0.28903,0.30639,-3.577,-19.179,-9.886,11.573,-4.826,36.626
5120,-0.11746,-0.33202,0.34322,-13.428,-17.667,-11.19,10.89,-4.616,36.871
5140,-0.17961,-0.32001,0.40078,-12.459,-19.798,-12.958,11.539,-4.787,36.048
5160,-0.20609,-0.33752,0.45457,-18.301,-20.509,-14.871,11.315,-4.261,35.896
5180,-0.26296,-0.34108,0.53152,-25.359,-19.139,-15.739,11.984,-4.155,36.268
5200,-0.29009,-0.35433,0.49739,-27.979,-18.122,-12.613,11.769,-4.627,36.53
5220,-0.33502,-0.30306,0.56325,-30.211,-17.303,-14.89,11.4,-5.234,36.903
5240,-0.39055,-0.34171,0.65109,-33.453,-15.676,-14.306,11.567,-4.329,36.301
5260,-0.40796,-0.2843,0.73778,-33.353,-14.641,-13.821,11.585,-4.277,36.444
5280,-0.40273,-0.27717,0.82649,-33.665,-8.689,-11.525,12.002,-4.417,36.094
5300,-0.40777,-0.2358,0.89767,-33.023,-8.059,-10.561,11.106,-4.154,36.283
5320,-0.41151,-0.21122,0.94587,-32.541,-7.256,-14.777,11.518,-4.16,36.567
5340,-0.3592,-0.15978,0.9831,-30.148,-2.997,-9.674,11.262,-4.823,36.584
5360,-0.37525,-0.09343,1.09214,-29.343,0.584,-6.223,11.86,-4.828,36.321
5380,-0.32085,-0.03806,1.1526,-28.873,3.312,-6.1,11.499,-5.108,36.511
5400,-0.2573,0.02927,1.21399,-25.121,8.292,-1.533,11.592,-4.766,35.985
5420,-0.2372,0.06295,1.27188,-22.579,10.028,-0.896,11.16,-4.678,36.295
5440,-0.18693,0.11019,1.30467,-14.955,11.952,1.014,11.521,-4.877,36.297
5460,-0.12404,0.16157,1.3165,-9.888,10.003,4.911,11.253,-4.722,36.73
5480,-0.06818,0.20309,1.35404,-6.606,15.915,2.98,11.508,-4.499,35.875
5500,-0.00711,0.22617,1.33721,1.357,18.038,5.559,11.556,-4.555,36.51
5520,0.05474,0.30537,1.36023,6.953,18.679,10.336,11.334,-4.891,36.501
5540,0.11515,0.3095,1.33083,9.162,22.175,11.003,11.861,-4.498,36.224
5560,0.16241,0.334,1.31927,15.207,21.769,13.152,11.796,-5.247,35.7
5580,0.21212,0.3368,1.27632,19.299,18.694,12.931,11.275,-4.864,35.875
5600,0.28654,0.35056,1.21543,24.268,20.087,15.16,11.555,-4.823,36.494
5620,0.31836,0.36629,1.16951,26.251,19.948,14.517,11.769,-5.098,36.291
5640,0.34287,0.3056,1.10877,28.271,17.548,13.86,11.432,-4.633,36.081
5660,0.34944,0.3229,1.03865,32.229,17.316,14.623,11.479,-4.688,36.146
5680,0.36635,0.28121,0.95965,33.4,14.886,14.278,12.075,-5.055,36.387
5700,0.41868,0.28464,0.8972,34.937,11.061,14.753,10.62,-4.964,35.784
5720,0.39574,0.24237,0.82739,36.474,8.442,11.059,11.463,-5.123,35.747
5740,0.39644,0.19646,0.75576,31.33,6.582,10.598,11.702,-4.577,36.173
5760,0.34964,0.13149,0.67176,32.98,3.184,8.919,10.983,-4.648,36.015
5780,0.33226,0.06612,0.60104,33.474,-2.455,9.185,11.447,-4.872,36.161
5800,0.32401,0.03706,0.51409,23.778,-2.569,0.964,11.137,-4.772,35.885
5820,0.30342,-0.00295,0.49192,22.047,-6.225,1.907,12.232,-5.192,36.117
5840,0.22013,-0.07258,0.4325,21.489,-10.822,-1.935,11.674,-5.601,35.839
5860,0.16128,-0.12062,0.40256,15.881,-11.258,0.878,11.366,-5.196,35.853
5880,0.12074,-0.1841,0.35201,10.329,-13.331,-2.016,11.562,-5.129,35.821
5900,0.04457,-0.19643,0.36143,0.783,-16.537,-3.037,11.469,-4.599,36.032
5920,-0.02122,-0.2392,0.39496,-1.109,-16.807,-9.384,10.949,-4.723,35.973
5940,-0.08687,-0.27885,0.36475,-5.819,-20.892,-10.781,11.26,-5.494,36.078
5960,-0.1422,-0.31542,0.3763,-11.914,-20.85,-9.566,11.2,-4.741,35.246
5980,-0.19667,-0.34074,0.3977,-16.97,-20.712,-11.462,11.534,-5.21,36.225
6000,0.01461,0.15579,1.07545,-3.2,31.189,18.835,11.624,-5.072,35.907
6020,0.02774,0.16285,1.06817,10.733,35.631,22.532,12.054,-3.507,36.021
6040,0.04871,0.12126,1.05425,25.894,35.0,30.312,11.423,-5.513,36.018
6060,0.08056,0.11665,1.03541,34.296,38.226,28.969,12.138,-4.759,36.067
6080,0.12408,0.15476,1.0916,38.193,37.18,36.716,11.441,-4.586,36.115
6100,0.08043,0.063,1.03368,49.798,38.586,39.626,11.12,-4.752,36.011
6120,0.07253,0.08853,1.05869,52.017,35.371,39.004,12.144,-5.169,36.449
6140,0.0896,0.05413,1.05555,54.548,31.36,40.673,12.487,-3.3,36.458
6160,0.08969,0.05564,1.02393,57.364,30.151,35.336,11.764,-3.984,37.209
6180,0.07163,-0.03985,1.02957,50.748,25.762,39.185,12.466,-3.983,36.892
6200,0.07477,0.0004,1.01274,50.725,26.125,38.501,11.789,-4.335,36.113
6220,0.10433,-0.01114,1.02402,49.723,26.195,31.423,12.109,-4.357,35.802
6240,0.08015,-0.03084,1.00875,45.904,23.627,31.153,12.154,-4.194,36.793
6260,0.07837,-0.0312,0.95995,42.691,24.174,29.887,11.667,-4.244,35.969
6280,0.05053,-0.04256,0.99939,41.744,24.218,24.984,11.887,-4.924,36.035
6300,0.05581,-0.08245,0.99076,39.716,19.136,21.448,11.822,-4.248,36.348
6320,0.03808,-0.01002,0.96994,39.389,22.313,21.696,11.937,-4.203,35.624
6340,0.05268,-0.02953,0.98882,43.965,26.028,19.297,12.292,-4.778,36.292
6360,0.02967,-0.01546,0.97833,46.984,22.602,15.551,12.205,-3.979,36.806
6380,0.09889,-0.00666,0.98347,50.86,26.381,13.517,11.769,-4.408,35.394
6400,0.07208,-0.01456,0.90247,52.659,24.916,6.823,11.967,-4.135,36.799
6420,0.09592,-0.02145,0.91578,57.227,25.182,9.614,12.013,-3.71,36.221
6440,0.14333,-0.06089,0.88385,61.467,25.987,12.413,11.864,-4.49,36.414
6460,0.09278,-0.0423,0.91469,56.841,18.937,10.698,11.823,-3.903,36.016
6480,0.13446,-0.05059,0.90215,56.66,15.007,7.93,11.613,-4.02,36.686
6500,0.13557,-0.07568,0.87306,54.824,9.826,6.93,11.944,-3.95,36.099
6520,0.09085,-0.07461,0.87207,50.015,6.092,7.59,11.184,-4.412,36.737
6540,0.05886,-0.10989,0.86445,41.331,-2.709,7.687,12.215,-4.255,36.525
6560,0.05084,-0.12811,0.86092,33.441,-8.301,12.368,12.51,-3.691,35.73
6580,0.03217,-0.12624,0.82976,21.248,-17.073,8.857,11.808,-4.285,36.884
6600,0.00729,-0.09126,0.83373,4.025,-25.744,6.984,11.307,-4.654,36.379
6620,-0.00769,-0.14379,0.85637,-2.856,-33.826,1.71,11.81,-3.392,36.334
6640,-0.05953,-0.1085,0.83606,-17.155,-38.351,-1.184,11.076,-4.404,36.145
6660,-0.06447,-0.18867,0.80705,-28.668,-43.658,-2.289,11.387,-4.092,35.89
6680,-0.02693,-0.09667,0.84495,-35.069,-47.435,-3.125,11.852,-4.227,36.183
6700,-0.07953,-0.13153,0.83939,-41.069,-57.897,-11.338,11.65,-4.248,36.724
6720,-0.12571,-0.07203,0.83329,-45.442,-53.346,-12.429,11.508,-4.233,36.877
6740,-0.0854,-0.09946,0.82258,-46.843,-57.355,-19.947,11.972,-3.994,35.895
6760,-0.06337,-0.03881,0.79864,-49.475,-52.139,-25.119,11.014,-4.146,36.763
6780,-0.09797,0.01253,0.83283,-46.327,-48.206,-25.194,10.973,-3.408,36.461
6800,-0.06567,-0.00192,0.85286,-49.115,-45.969,-29.266,10.53,-4.172,36.094
6820,-0.05208,0.0122,0.84114,-46.173,-37.402,-35.883,11.813,-3.574,36.042
6840,-0.08199,0.04136,0.85476,-42.465,-36.914,-35.749,10.9,-4.785,36.54
6860,-0.04961,0.07024,0.89909,-40.481,-26.63,-35.561,10.663,-3.618,36.548
6880,-0.04956,0.08159,0.86899,-39.433,-21.773,-40.809,11.227,-4.088,36.182
6900,-0.11414,0.09474,0.8529,-38.016,-17.067,-44.235,10.953,-3.833,36.758
6920,-0.07432,0.10148,0.87425,-39.447,-8.03,-36.177,11.124,-4.306,35.497
6940,-0.07309,0.10258,0.91149,-45.049,-2.737,-38.027,11.465,-3.924,35.862
6960,-0.10133,0.0731,0.92388,-50.425,-2.402,-38.755,10.48,-4.234,36.411
6980,-0.08196,0.08353,0.91805,-49.869,2.588,-30.119,10.653,-4.38,36.318
7000,-0.09382,0.08088,0.94701,-57.476,4.459,-28.147,10.476,-4.575,35.921
7020,-0.12203,0.0638,0.91871,-59.079,6.259,-24.772,11.827,-3.992,36.098
7040,-0.11751,0.02407,0.95523,-61.474,8.386,-25.464,11.361,-3.261,35.295
7060,-0.13161,0.05223,0.96029,-65.97,4.295,-16.68,11.127,-4.397,36.532
7080,-0.13796,0.05928,0.9591,-63.356,7.815,-14.999,10.843,-4.431,35.818
7100,-0.08203,0.06332,0.97495,-62.277,8.666,-14.25,11.331,-4.355,35.923
7120,-0.12213,0.06832,0.96791,-54.97,8.36,-7.112,11.103,-4.061,35.586
7140,-0.10581,0.08113,1.0239,-50.538,11.302,-8.475,10.853,-4.45,36.529
7160,-0.08641,0.06052,1.0156,-36.435,10.849,-5.802,11.146,-4.766,36.197
7180,-0.05686,0.0973,1.02713,-26.47,14.107,-7.213,11.462,-4.252,35.574
7200,-0.03078,0.10253,0.99338,-17.797,16.412,-6.857,11.159,-4.422,35.323
7220,0.00647,0.08285,1.04206,-3.229,22.567,-7.065,11.235,-5.376,35.761
7240,0.01625,0.08735,1.07295,12.726,22.15,-1.495,10.036,-4.754,35.601
7260,0.03604,0.09718,1.04472,17.173,27.125,-6.346,10.876,-4.292,36.056
7280,0.06272,0.14733,1.02956,28.819,32.258,-5.391,10.586,-4.265,35.162
7300,0.0678,0.08425,1.03734,31.782,38.619,-3.5,10.878,-4.183,35.865
7320,0.06257,0.11651,1.07552,39.91,42.243,-2.742,10.583,-5.086,36.279
7340,0.06583,0.0732,1.069,44.584,46.424,-1.252,11.047,-4.633,35.554
7360,0.05942,0.06017,1.04608,45.438,48.067,-0.183,10.116,-4.834,35.771
7380,0.08217,0.05065,1.04366,41.968,50.983,3.497,11.713,-4.7,34.458
7400,0.08048,0.00737,1.08884,44.783,48.016,5.953,10.869,-4.588,35.249
7420,0.09206,-0.01066,1.06434,39.346,48.157,7.054,11.028,-5.334,35.198
7440,0.08425,-0.0507,1.08813,38.432,47.389,9.122,10.305,-4.971,35.678
7460,0.03927,-0.03895,1.04929,35.319,38.972,15.366,10.07,-4.7,34.444
7480,0.00531,-0.07942,1.02792,40.228,37.021,22.79,10.173,-4.152,35.813
7500,0.04025,-0.09419,1.04569,34.243,31.567,23.693,10.79,-4.926,35.291
7520,0.03948,-0.1343,1.08206,40.185,20.405,28.34,10.389,-5.538,35.424
7540,0.07379,-0.11985,1.01975,39.947,10.312,32.926,10.736,-4.684,35.615
7560,0.07382,-0.134,1.04521,46.628,5.606,34.692,10.2,-4.803,35.214
7580,0.06408,-0.10181,1.04738,56.68,-3.53,39.684,10.884,-5.644,36.041
7600,0.11522,-0.09036,1.02275,61.092,-11.307,40.949,11.249,-5.13,35.199
7620,0.06498,-0.11338,1.03759,62.788,-16.268,40.904,10.526,-5.083,35.264
7640,0.08006,-0.09942,1.02688,67.338,-21.968,42.855,11.118,-5.008,35.581
7660,0.12052,-0.08429,1.00845,66.515,-29.854,38.013,10.557,-4.6,35.908
7680,0.15586,-0.03644,0.98451,70.598,-34.882,37.467,10.559,-4.896,35.092
7700,0.13565,-0.03999,0.97533,71.714,-36.197,35.312,11.216,-5.376,34.981
7720,0.114,-0.02799,0.98836,64.413,-37.644,29.583,11.065,-5.028,35.053
7740,0.11816,-0.04593,0.98055,56.768,-34.498,28.836,10.098,-5.238,35.17
7760,0.10564,-0.03927,0.9622,46.756,-38.925,22.003,10.14,-5.368,35.064
7780,0.02036,-0.02219,0.91994,33.739,-36.024,17.742,10.443,-4.851,35.586
7800,0.02537,-0.04484,0.95639,18.8,-31.093,18.413,10.532,-3.695,35.376
7820,0.03303,-0.01645,0.94147,10.076,-32.571,15.412,10.191,-4.965,35.496
7840,0.01789,-0.09624,0.89384,-1.282,-28.068,12.073,10.946,-4.97,35.119
7860,-0.03118,-0.04413,0.93204,-10.91,-27.743,7.707,10.305,-5.567,34.871
7880,-0.05007,-0.05384,0.88004,-20.393,-27.232,2.275,10.22,-5.342,35.727
7900,-0.088,-0.05545,0.90254,-27.778,-22.622,-1.855,10.593,-4.51,35.209
7920,-0.06787,-0.05582,0.88716,-30.977,-21.03,1.13,10.367,-5.694,35.213
7940,-0.08388,-0.0901,0.89128,-35.437,-24.251,2.735,10.817,-5.888,35.356
7960,-0.05478,-0.00277,0.84487,-34.653,-24.329,-0.61,10.657,-5.004,34.601
7980,-0.03626,-0.01986,0.83284,-36.153,-25.263,-0.4,10.29,-5.046,34.382
8000,-0.07552,-0.02431,0.84343,-33.542,-28.361,2.416,10.915,-5.352,34.907
8020,-0.09444,-0.00285,0.83869,-37.479,-27.222,1.029,10.473,-5.069,35.069
8039,-0.04458,0.01692,0.80514,-33.474,-23.996,-0.188,10.688,-4.072,34.826
8060,-0.06487,0.04189,0.85574,-34.275,-25.108,-4.964,10.946,-5.338,35.662
8080,-0.06101,0.04342,0.83875,-32.065,-27.725,2.323,10.458,-3.937,34.845
8100,-0.02207,0.11489,0.81373,-36.014,-23.717,-2.718,10.763,-5.11,35.229
8119,-0.04963,0.09258,0.86292,-34.548,-23.107,-3.758,11.557,-5.349,34.782
8140,-0.08078,0.10256,0.84963,-43.181,-15.977,-6.685,10.393,-5.049,35.197
8160,-0.05748,0.13636,0.82669,-47.362,-17.562,-11.145,10.986,-5.624,35.316
8180,-0.0987,0.12122,0.86213,-51.896,-8.693,-16.026,10.387,-4.951,35.505
8200,-0.1065,0.15928,0.85407,-57.836,-0.871,-18.339,10.595,-4.313,34.847
8220,-0.13682,0.12937,0.80736,-60.036,6.924,-21.402,11.174,-5.193,35.303
8240,-0.15199,0.10486,0.83066,-72.995,14.593,-24.253,11.526,-4.487,35.164
8260,-0.15278,0.1162,0.84104,-71.507,17.371,-27.615,10.443,-5.283,34.591
8280,-0.11973,0.09583,0.83844,-73.58,31.297,-33.914,10.799,-5.019,35.309
8300,-0.10921,0.09591,0.82565,-72.349,37.321,-36.779,11.647,-4.881,35.055
8320,-0.1472,0.07749,0.86391,-70.147,42.296,-36.224,11.259,-5.324,36.235
8340,-0.07376,0.02186,0.90789,-61.261,46.87,-37.522,10.384,-5.03,35.951
8360,-0.0931,0.04031,0.9154,-52.312,49.984,-42.33,11.65,-4.104,35.332
8380,-0.04546,0.04994,0.93873,-38.792,46.415,-39.778,11.04,-4.226,35.449
8400,-0.05633,0.01091,0.92007,-28.075,50.028,-37.541,12.147,-4.953,35.66
8420,-0.02493,-0.01937,0.86546,-15.226,53.492,-38.829,11.649,-5.131,36.356
8440,-0.00054,0.00575,0.92119,-4.417,52.123,-34.764,10.903,-4.74,35.54
8460,0.01361,-0.02487,0.92745,2.011,47.101,-35.286,11.31,-5.217,35.528
8480,0.041,0.01041,0.94534,13.367,35.397,-27.126,10.841,-4.739,35.794
8500,0.02148,0.0054,0.94357,20.489,34.983,-26.723,11.115,-4.905,34.633
8520,0.06538,0.04444,0.95051,26.07,32.573,-21.327,11.695,-5.044,35.972
8540,0.06569,0.00711,0.9488,24.058,23.399,-17.085,12.063,-4.258,35.463
8560,0.04863,0.00273,0.98044,30.197,20.391,-12.66,11.005,-4.114,35.94
8580,0.03498,0.02545,1.023,29.543,13.426,-5.719,11.638,-4.894,35.47
8600,0.02069,-0.03518,0.9775,27.822,13.127,-5.971,11.13,-4.709,35.718
8620,0.02092,-0.03191,1.01573,27.104,3.234,-0.472,11.932,-4.657,36.051
8640,0.05667,-0.01364,1.05094,27.789,1.594,0.69,11.748,-4.241,35.353
8660,0.02937,-0.05768,1.02279,28.56,-2.691,0.696,11.631,-4.705,35.585
8680,0.03483,-0.04634,1.04294,28.419,-6.231,3.962,10.921,-4.624,35.56
8700,0.02709,-0.06744,1.08458,32.107,-6.184,2.612,11.276,-3.898,35.344
8720,0.02112,-0.05749,1.07218,33.807,-5.869,1.599,11.77,-4.413,36.173
8740,0.07566,-0.09722,1.05648,39.131,-7.603,4.978,11.643,-3.445,35.891
8760,0.06453,-0.15982,1.03877,46.34,-5.413,4.979,11.587,-3.768,35.906
8780,0.06498,-0.15599,1.00149,55.906,-11.242,4.677,11.781,-4.076,35.501
8800,0.11055,-0.12252,1.07113,58.744,-9.554,4.667,12.542,-4.59,35.535
8820,0.10283,-0.1267,1.08137,64.14,-12.827,7.096,11.956,-3.918,35.631
8840,0.13358,-0.14594,1.04297,71.111,-15.004,5.222,12.094,-4.371,36.205
8860,0.12219,-0.11173,1.04114,77.115,-14.39,3.823,11.628,-3.573,35.69
8880,0.14003,-0.11803,1.0564,76.301,-20.183,8.6,11.193,-4.152,35.672
8900,0.15481,-0.11119,1.00113,75.184,-22.071,10.112,11.787,-3.887,36.469
8920,0.10849,-0.07915,1.05214,71.655,-28.769,9.964,11.783,-4.172,36.025
8940,0.13283,-0.02301,1.04811,63.891,-33.455,15.514,12.243,-4.272,36.333
8960,0.12035,-0.03643,1.05633,60.434,-33.874,20.583,12.275,-4.073,36.574
8980,0.11779,0.01061,1.07115,44.601,-41.475,26.906,12.07,-4.127,36.373
9000,0.06222,0.00726,1.03546,34.913,-44.13,27.115,11.725,-4.278,35.909
9020,0.05975,0.00427,1.03819,22.941,-51.243,32.487,11.451,-3.704,36.108
9040,0.05738,0.03348,1.00689,12.402,-49.481,30.323,12.293,-4.034,35.583
9060,0.01474,0.02738,1.01115,1.462,-52.251,36.099,12.49,-3.898,35.748
9080,-0.00699,0.0456,1.00845,-4.951,-52.799,37.823,12.284,-4.416,35.745
9100,-0.01421,0.0374,0.97375,-11.644,-49.383,39.964,11.844,-4.224,36.204
9120,-0.05148,0.03094,0.98337,-15.89,-44.663,37.562,11.775,-3.452,36.506
9140,-0.0505,0.07054,0.95715,-19.479,-37.297,39.539,12.305,-3.194,36.291
9160,-0.02565,0.07429,0.97103,-22.869,-31.773,33.033,13.235,-4.045,36.517
9180,-0.03634,0.06208,0.97275,-22.832,-26.233,32.866,11.87,-4.414,36.695
9200,-0.03402,0.0356,0.97611,-22.976,-17.746,30.107,11.995,-4.521,36.141
9220,-0.01586,0.02981,0.94754,-24.303,-5.74,26.14,12.48,-3.078,36.068
9240,-0.0162,0.04155,0.95838,-18.509,1.958,23.588,11.419,-4.109,36.346
9260,-0.03377,0.04799,0.90102,-19.887,11.875,19.464,11.345,-3.772,36.131
9280,-0.02316,0.03775,0.94148,-25.136,12.741,14.175,11.413,-3.426,36.778
9300,-0.03074,0.09251,0.92265,-29.003,23.795,7.973,12.031,-3.996,36.035
9320,0.00847,0.0303,0.86388,-30.739,26.413,8.172,11.704,-3.74,36.604
9340,-0.04012,0.08463,0.89776,-37.289,34.553,5.277,11.828,-4.47,36.263
9360,-0.01594,0.08444,0.90132,-42.159,37.756,3.708,11.786,-3.719,36.085
9380,-0.13698,0.083,0.86227,-51.238,34.19,-3.317,11.629,-4.224,36.753
9400,-0.08522,0.14574,0.84908,-61.983,38.64,-6.691,11.923,-3.912,35.996
9420,-0.11415,0.10961,0.8652,-68.809,39.252,-2.982,12.59,-3.716,36.368
9440,-0.08951,0.12348,0.86639,-72.33,38.755,-11.174,12.786,-4.79,36.274
9460,-0.13055,0.13496,0.82808,-72.739,33.366,-8.828,12.031,-4.04,36.637
9480,-0.14902,0.12792,0.83159,-76.576,32.802,-10.721,11.755,-4.481,36.175
9500,-0.15207,0.09653,0.81884,-77.477,28.65,-7.119,11.96,-4.338,36.754
9520,-0.15734,0.0666,0.82622,-77.416,32.839,-9.911,12.315,-3.969,36.814
9540,-0.1205,0.07897,0.84013,-70.396,23.237,-7.213,11.851,-3.849,36.326
9560,-0.13383,0.0483,0.78586,-59.967,24.93,-12.761,12.077,-5.239,36.522
9580,-0.0961,0.03242,0.82122,-49.977,21.974,-9.815,12.37,-4.342,36.642
9600,-0.03673,-0.01739,0.85059,-42.936,27.154,-12.348,12.205,-4.393,36.025
9620,-0.01865,-0.0173,0.83348,-32.398,24.063,-13.182,11.68,-4.033,36.517
9640,-0.02127,-0.02754,0.84443,-20.285,23.288,-14.094,11.518,-4.304,36.162
9660,-0.00141,-0.07212,0.83717,-8.915,26.343,-16.418,11.978,-4.314,36.341
9680,0.03171,-0.07776,0.80787,0.644,25.994,-20.232,11.823,-3.924,36.451
9700,0.0304,-0.10307,0.85282,5.436,28.996,-21.049,11.798,-4.407,36.039
9720,0.01019,-0.10476,0.86457,5.833,29.787,-23.376,12.17,-3.966,36.322
9740,0.02658,-0.09916,0.88165,16.616,25.073,-26.239,11.554,-5.075,36.701
9760,0.0365,-0.11559,0.86127,17.608,22.893,-31.595,12.253,-4.766,35.907
9780,0.03378,-0.06828,0.88316,14.739,23.652,-37.42,11.67,-3.945,35.817
9800,0.03369,-0.04532,0.89573,14.031,21.543,-37.69,11.978,-4.704,35.853
9820,0.00274,-0.06213,0.92417,15.621,11.375,-39.46,11.827,-5.409,36.486
9840,0.00727,-0.05251,0.91848,13.592,8.945,-39.067,11.914,-4.52,35.989
9860,0.00508,-0.09002,0.9112,15.25,2.818,-35.302,12.422,-4.131,35.663
9880,0.00227,-0.06464,0.86114,19.213,-9.146,-38.056,11.927,-4.494,36.175
9900,0.0186,-0.05107,0.91012,24.2,-11.208,-37.026,10.976,-4.709,35.856
9920,0.01388,-0.03378,0.95931,27.987,-26.797,-32.683,12.283,-3.813,35.695
9940,0.06444,-0.07938,0.95608,33.557,-28.626,-29.165,11.808,-4.868,35.497
9960,0.08842,-0.09239,0.92569,37.77,-32.505,-28.062,10.726,-4.99,35.646
9980,0.07904,-0.06621,0.9697,52.338,-43.817,-18.176,11.44,-4.693,36.303
